ID,Type,UGS,Name,Published,Is featured?,Visibility in catalog,Short description,Description,Tax status,Tax class,In stock?,Stock,Low stock amount,Backorders allowed?,Sold individually?,Weight (kg),Allow customer reviews?,Sale price,Regular price,Categories,Tags,Images,Parent,Grouped products,Position,Attribute 1 name,Attribute 1 value(s),Attribute 1 visible,Attribute 1 global,Attribute 1 default,Meta: bacola_post_views_count,Meta: klb_product_badge_type,Meta: klb_product_type,Meta: klb_product_mfg,Meta: klb_product_life,Meta: klb_product_badge
,simple,47,Bsissa de blé Bio - Elixir,1,0,visible,Short Description,Main Description,taxable,,1,2,5,0,1,,1,,4.5,Céréales ,,Image Link or Product ID,,,,,,,,,,type 1,100% BIO,Fabriqué en Tunisie,,BIO
,simple,49,Couscous de blé bio - Elixir,1,0,visible,Short Description,Main Description,taxable,,1,0,5,0,1,,1,,3.8,Céréales ,,Image Link or Product ID,,,,,,,,,,type 1,100% BIO,Fabriqué en Tunisie,,BIO
,simple,51,Eau de Romarin,1,0,visible,Short Description,Main Description,taxable,,1,0,5,0,1,,1,,4,Hydrolats,,Image Link or Product ID,,,,,,,,,,,,Fabriqué en Tunisie,,
,simple,86,Suspension pour plante en macrame,1,0,visible,Short Description,Main Description,taxable,,1,2,5,0,1,,1,,30,Maison,,Image Link or Product ID,,,,,,,,,,,,Fabriqué en Tunisie,,
,simple,87,Serviette démaquillante réutilisable wink,1,0,visible,Short Description,Main Description,taxable,,1,8,5,0,1,,1,,22,Cosmétique,,Image Link or Product ID,,,,,,,,,,,,Fabriqué en Tunisie,,
,simple,103,Huile de Pépins de Figue de Barbarie Bio,1,0,visible,Short Description,Main Description,taxable,,1,0,5,0,1,,1,,25,,,Image Link or Product ID,,,,,,,,,,type 1,100% BIO,Fabriqué en Tunisie,,BIO
,simple,106,Crousties Agrumes,1,0,visible,Short Description,Main Description,taxable,,1,0,5,0,1,,1,,5.5,,,Image Link or Product ID,,,,,,,,,,,,Fabriqué en Tunisie,,
,simple,130,Huile de noix de coco,1,0,visible,Short Description,Main Description,taxable,,1,4,5,0,1,,1,,18,Huile,,Image Link or Product ID,,,,,,,,,,,,Fabriqué en Tunisie,,
,simple,147,Shampoing Doux - Moline,1,0,visible,Short Description,Main Description,taxable,,1,4,5,0,1,,1,,23,Enfants,,Image Link or Product ID,,,,,,,,,,,,Fabriqué en Tunisie,,
,simple,148,Eau nettoyante pour le change,1,0,visible,Short Description,Main Description,taxable,,1,6,5,0,1,,1,,11,Enfants,,Image Link or Product ID,,,,,,,,,,,,Fabriqué en Tunisie,,
,simple,149,Liniment oléo-calcaire,1,0,visible,Short Description,Main Description,taxable,,1,1,5,0,1,,1,,26,Enfants,,Image Link or Product ID,,,,,,,,,,,,Fabriqué en Tunisie,,
,simple,161,Dentifrice Blanchissant - Certifié Bio,1,0,visible,Short Description,Main Description,taxable,,1,0,5,0,1,,1,,26.2,Hygiène,,Image Link or Product ID,,,,,,,,,,type 1,100% BIO,Fabriqué en Tunisie,,BIO
,simple,162,Dentifrice Sans Fluor - Certifié Bio,1,0,visible,Short Description,Main Description,taxable,,1,0,5,0,1,,1,,25,Hygiène,,Image Link or Product ID,,,,,,,,,,type 1,100% BIO,Fabriqué en Tunisie,,BIO
,simple,163,Éponge Konjac,1,0,visible,Short Description,Main Description,taxable,,1,0,5,0,1,,1,,19.9,Cosmétique,,Image Link or Product ID,,,,,,,,,,,,Fabriqué en Tunisie,,
,simple,164,Déodorant Bille - Certifié Bio,1,0,visible,Short Description,Main Description,taxable,,1,0,5,0,1,,1,,23,Hygiène,,Image Link or Product ID,,,,,,,,,,type 1,100% BIO,Fabriqué en Tunisie,,BIO
,simple,166,Gel Nettoyant Visage - Certifié Bio,1,0,visible,Short Description,Main Description,taxable,,1,0,5,0,1,,1,,28.6,visage,,Image Link or Product ID,,,,,,,,,,type 1,100% BIO,Fabriqué en Tunisie,,BIO
,simple,167,Nettoyant 3 en 1 – Certifié Bio,1,0,visible,Short Description,Main Description,taxable,,1,1,5,0,1,,1,,35.9,visage,,Image Link or Product ID,,,,,,,,,,type 1,100% BIO,Fabriqué en Tunisie,,BIO
,simple,168,Crème Solaire Visage SPF 50 - Certifiée bio,1,0,visible,Short Description,Main Description,taxable,,1,0,5,0,1,,1,,55.6,visage,,Image Link or Product ID,,,,,,,,,,type 1,100% BIO,Fabriqué en Tunisie,,BIO
,simple,169,Graines de chia 100g,1,0,visible,Short Description,Main Description,taxable,,1,8,5,0,1,,1,,10.9,super aliments,,Image Link or Product ID,,,,,,,,,,,,Fabriqué en Tunisie,,
,simple,170,Baies de Goji séchées 80g,1,0,visible,Short Description,Main Description,taxable,,1,10,5,0,1,,1,,12.9,super aliments,,Image Link or Product ID,,,,,,,,,,,,Fabriqué en Tunisie,,
,simple,194,Sel d'Epsom - 250g,1,0,visible,Short Description,Main Description,taxable,,1,0,5,0,1,,1,,32.5,corps,,Image Link or Product ID,,,,,,,,,,,,Fabriqué en Tunisie,,
,simple,195,Crème Anti-âge – Certifiée Bio,1,0,visible,Short Description,Main Description,taxable,,1,0,5,0,1,,1,,46.71,Visage,,Image Link or Product ID,,,,,,,,,,type 1,100% BIO,Fabriqué en Tunisie,,BIO
,simple,196,Gommage Visage - Certifié Bio,1,0,visible,Short Description,Main Description,taxable,,1,0,5,0,1,,1,,39.9,Visage,,Image Link or Product ID,,,,,,,,,,type 1,100% BIO,Fabriqué en Tunisie,,BIO
,simple,198,Pinceau soin embout en silicone,1,0,visible,Short Description,Main Description,taxable,,1,1,5,0,1,,1,,18.5,Visage,,Image Link or Product ID,,,,,,,,,,,,Fabriqué en Tunisie,,
,simple,199,Mousse Nettoyante Visage - Certifiée Bio,1,0,visible,Short Description,Main Description,taxable,,1,0,5,0,1,,1,,39.8,Visage,,Image Link or Product ID,,,,,,,,,,type 1,100% BIO,Fabriqué en Tunisie,,BIO
,simple,200,Fluide Matifiant - Certifié Bio,1,0,visible,Short Description,Main Description,taxable,,1,0,5,0,1,,1,,39.9,Visage,,Image Link or Product ID,,,,,,,,,,type 1,100% BIO,Fabriqué en Tunisie,,BIO
,simple,201,Gel Intime - Certifié Bio,1,0,visible,Short Description,Main Description,taxable,,1,0,5,0,1,,1,,26.55,Visage,,Image Link or Product ID,,,,,,,,,,type 1,100% BIO,Fabriqué en Tunisie,,BIO
,simple,204,Eau Micellaire - Certifiée Bio,1,0,visible,Short Description,Main Description,taxable,,1,0,5,0,1,,1,,44.9,Visage,,Image Link or Product ID,,,,,,,,,,type 1,100% BIO,Fabriqué en Tunisie,,BIO
,simple,205,Crème de Jour Peaux Sèches & Sensibles - Certifié Bio,1,0,visible,Short Description,Main Description,taxable,,1,0,5,0,1,,1,,35,Visage,,Image Link or Product ID,,,,,,,,,,type 1,100% BIO,Fabriqué en Tunisie,,BIO
,simple,207,Crème de Nuit Peaux Sèches & Sensibles - Certifiée Bio,1,0,visible,Short Description,Main Description,taxable,,1,0,5,0,1,,1,,39.9,Visage,,Image Link or Product ID,,,,,,,,,,type 1,100% BIO,Fabriqué en Tunisie,,BIO
,simple,211,12 Barres Barago,1,0,visible,Short Description,Main Description,taxable,,1,1,5,0,1,,1,,27.5,Snacks,,Image Link or Product ID,,,,,,,,,,,,Fabriqué en Tunisie,,
,simple,219,Farine enrichie en au blé germé - Napolis,1,0,visible,Short Description,Main Description,taxable,,1,0,5,0,1,,1,,5.4,,,Image Link or Product ID,,,,,,,,,,,,Fabriqué en Tunisie,,
,simple,222,Sirop d'érable bio,1,0,visible,Short Description,Main Description,taxable,,1,0,5,0,1,,1,,28.5,Petit déjeuner ,,Image Link or Product ID,,,,,,,,,,type 1,100% BIO,Fabriqué en Tunisie,,BIO
,simple,226,Essuie-tout réutilisable,1,0,visible,Short Description,Main Description,taxable,,1,0,5,0,1,,1,,43,,,Image Link or Product ID,,,,,,,,,,,,Fabriqué en Tunisie,,
,simple,229,Eyeliner Noir Bio,1,0,visible,Short Description,Main Description,taxable,,1,2,5,0,1,,1,,40.4,Cosmétique-yeux,,Image Link or Product ID,,,,,,,,,,type 1,100% BIO,Fabriqué en Tunisie,,BIO
,simple,240,Rouge à Lèvres Nude Bio,1,0,visible,Short Description,Main Description,taxable,,1,0,5,0,1,,1,,34.9,Cosmétique-lèvres,,Image Link or Product ID,,,,,,,,,,type 1,100% BIO,Fabriqué en Tunisie,,BIO
,simple,264,Figues séchées à l'huile d'olive bio,1,0,visible,Short Description,Main Description,taxable,,1,1,5,0,1,,1,,7.5,Snacks,,Image Link or Product ID,,,,,,,,,,type 1,100% BIO,Fabriqué en Tunisie,,BIO
,simple,266,Coffret gourmand,1,0,visible,Short Description,Main Description,taxable,,1,0,5,0,1,,1,,72.9,Alimentation ,,Image Link or Product ID,,,,,,,,,,,,Fabriqué en Tunisie,,
,simple,269,Eau Florale Rose - Saha,1,0,visible,Short Description,Main Description,taxable,,1,6,5,0,1,,1,,14.9,Visage,,Image Link or Product ID,,,,,,,,,,,,Fabriqué en Tunisie,,
,simple,270,Sel d'Epsom - 100g,1,0,visible,Short Description,Main Description,taxable,,1,0,5,0,1,,1,,19,corps,,Image Link or Product ID,,,,,,,,,,,,Fabriqué en Tunisie,,
,simple,271,Riz Sauvage,1,0,visible,Short Description,Main Description,taxable,,1,0,5,0,1,,1,,19,Alimentation ,,Image Link or Product ID,,,,,,,,,,,,Fabriqué en Tunisie,,
,simple,276,Eau de Citronnelle,1,0,visible,Short Description,Main Description,taxable,,1,8,5,0,1,,1,,5.3,Hydrolats,,Image Link or Product ID,,,,,,,,,,,,Fabriqué en Tunisie,,
,simple,277,Eau de Carotte Sauvage,1,0,visible,Short Description,Main Description,taxable,,1,0,5,0,1,,1,,4,Hydrolats,,Image Link or Product ID,,,,,,,,,,,,Fabriqué en Tunisie,,
,simple,279,Eau d'Ortie,1,0,visible,Short Description,Main Description,taxable,,1,0,5,0,1,,1,,3.3,Hydrolats,,Image Link or Product ID,,,,,,,,,,,,Fabriqué en Tunisie,,
,simple,291,Spaghetti au Blé Complet Bio,1,0,visible,Short Description,Main Description,taxable,,1,0,5,0,1,,1,,4.8,,,Image Link or Product ID,,,,,,,,,,type 1,100% BIO,Fabriqué en Tunisie,,BIO
,simple,292,Huile de Pepins de Figue de Barbarie Bio - 30ml,1,0,visible,Short Description,Main Description,taxable,,1,1,5,0,1,,1,,79,Cosmétiques-huiles,,Image Link or Product ID,,,,,,,,,,type 1,100% BIO,Fabriqué en Tunisie,,BIO
,simple,293,Thé Matcha & Sencha BIO,1,0,visible,Short Description,Main Description,taxable,,1,0,5,0,1,,1,,26.9,Thés & Tisanes,,Image Link or Product ID,,,,,,,,,,type 1,100% BIO,Fabriqué en Tunisie,,BIO
,simple,302,Savon noir à l'huile d'olive,1,0,visible,Short Description,Main Description,taxable,,1,0,5,0,1,,1,,15,corps,,Image Link or Product ID,,,,,,,,,,,,Fabriqué en Tunisie,,
,simple,303,Sirop d'Agave,1,0,visible,Short Description,Main Description,taxable,,1,1,5,0,1,,1,,28.3,Alimentation ,,Image Link or Product ID,,,,,,,,,,,,Fabriqué en Tunisie,,
,simple,315,Nettoyant multi-usages naturel,1,0,visible,Short Description,Main Description,taxable,,1,3,5,0,1,,1,,7.5,Produits ménagers,,Image Link or Product ID,,,,,,,,,,,,Fabriqué en Tunisie,,
,simple,316,Bicarbonate de Soude,1,0,visible,Short Description,Main Description,taxable,,1,3,5,0,1,,1,,11,Produits ménagers,,Image Link or Product ID,,,,,,,,,,,,Fabriqué en Tunisie,,
,simple,317,Liquide vaisselle,1,0,visible,Short Description,Main Description,taxable,,1,6,5,0,1,,1,,21,Produits ménagers,,Image Link or Product ID,,,,,,,,,,,,Fabriqué en Tunisie,,
,simple,319,Psyllium,1,0,visible,Short Description,Main Description,taxable,,1,3,5,0,1,,1,,23.9,super aliments,,Image Link or Product ID,,,,,,,,,,,,Fabriqué en Tunisie,,
,simple,320,Maca,1,0,visible,Short Description,Main Description,taxable,,1,0,5,0,1,,1,,22.9,super aliments,,Image Link or Product ID,,,,,,,,,,,,Fabriqué en Tunisie,,
,simple,358,Lessive naturelle,1,0,visible,Short Description,Main Description,taxable,,1,0,5,0,1,,1,,12,Produits ménagers,,Image Link or Product ID,,,,,,,,,,,,Fabriqué en Tunisie,,
,simple,363,Lot de 18 barres Daty,1,0,visible,Short Description,Main Description,taxable,,1,1,5,0,1,,1,,56,Snacks,,Image Link or Product ID,,,,,,,,,,,,Fabriqué en Tunisie,,
,simple,381,Huile de Pepins de Figue de Barbarie Bio - 10ml,1,0,visible,Short Description,Main Description,taxable,,1,2,5,0,1,,1,,29,Cosmétiques-huiles,,Image Link or Product ID,,,,,,,,,,type 1,100% BIO,Fabriqué en Tunisie,,BIO
,simple,382,Bain de Bouche - Le Naturel,1,0,visible,Short Description,Main Description,taxable,,1,3,5,0,1,,1,,12.9,Hygiène,,Image Link or Product ID,,,,,,,,,,,,Fabriqué en Tunisie,,
,simple,383,Crème Riche à La Bave d'Escargot,1,0,visible,Short Description,Main Description,taxable,,1,3,5,0,1,,1,,36.3,Cosmétiques-visage,,Image Link or Product ID,,,,,,,,,,,,Fabriqué en Tunisie,,
,simple,387,Savon Noir Liquide,1,0,visible,Short Description,Main Description,taxable,,1,3,5,0,1,,1,,14.9,Hygiène,,Image Link or Product ID,,,,,,,,,,,,Fabriqué en Tunisie,,
,simple,389,Déodorant Bille - Le Naturel,1,0,visible,Short Description,Main Description,taxable,,1,0,5,0,1,,1,,11.7,Hygiène,,Image Link or Product ID,,,,,,,,,,,,Fabriqué en Tunisie,,
,simple,390,Lait Bain et Douche - Le Naturel,1,0,visible,Short Description,Main Description,taxable,,1,2,5,0,1,,1,,17.9,Corps,,Image Link or Product ID,,,,,,,,,,,,Fabriqué en Tunisie,,
,simple,391,"Culotte Menstruelle ""Galy""",1,0,visible,Short Description,Main Description,taxable,,1,12,5,0,1,,1,,50,Hygiène,,Image Link or Product ID,,,,,,,,,,,,Fabriqué en Tunisie,,
,simple,392,Ashwaghandha,1,0,visible,Short Description,Main Description,taxable,,1,0,5,0,1,,1,,21,super aliments,,Image Link or Product ID,,,,,,,,,,,,Fabriqué en Tunisie,,
,simple,393,Poudre d'Ashwagandha,1,0,visible,Short Description,Main Description,taxable,,1,2,5,0,1,,1,,24,Cheveux,,Image Link or Product ID,,,,,,,,,,,,Fabriqué en Tunisie,,
,simple,394,Poudre de Moringa,1,0,visible,Short Description,Main Description,taxable,,1,0,5,0,1,,1,,22.5,Cheveux,,Image Link or Product ID,,,,,,,,,,,,Fabriqué en Tunisie,,
,simple,395,Poudre de Camomille,1,0,visible,Short Description,Main Description,taxable,,1,2,5,0,1,,1,,13,Cheveux,,Image Link or Product ID,,,,,,,,,,,,Fabriqué en Tunisie,,
,simple,396,Poudre de Guimauve,1,0,visible,Short Description,Main Description,taxable,,1,2,5,0,1,,1,,18,Cheveux,,Image Link or Product ID,,,,,,,,,,,,Fabriqué en Tunisie,,
,simple,398,Poudre d'Ortie,1,0,visible,Short Description,Main Description,taxable,,1,0,5,0,1,,1,,13.5,Cheveux,,Image Link or Product ID,,,,,,,,,,,,Fabriqué en Tunisie,,
,simple,399,Poudre de Shikakaï,1,0,visible,Short Description,Main Description,taxable,,1,2,5,0,1,,1,,14,Cheveux,,Image Link or Product ID,,,,,,,,,,,,Fabriqué en Tunisie,,
,simple,400,Poudre de Kapoor Kachli,1,0,visible,Short Description,Main Description,taxable,,1,2,5,0,1,,1,,14.5,Cheveux,,Image Link or Product ID,,,,,,,,,,,,Fabriqué en Tunisie,,
,simple,401,Poudre de Détox Capillaire,1,0,visible,Short Description,Main Description,taxable,,1,1,5,0,1,,1,,14,Cheveux,,Image Link or Product ID,,,,,,,,,,,,Fabriqué en Tunisie,,
,simple,402,Poudre de Sidr,1,0,visible,Short Description,Main Description,taxable,,1,3,5,0,1,,1,,15.5,Cheveux,,Image Link or Product ID,,,,,,,,,,,,Fabriqué en Tunisie,,
,simple,403,Poudre de Nila,1,0,visible,Short Description,Main Description,taxable,,1,2,5,0,1,,1,,25,Cheveux,,Image Link or Product ID,,,,,,,,,,,,Fabriqué en Tunisie,,
,simple,404,Poudre de Hibiscus,1,0,visible,Short Description,Main Description,taxable,,1,3,5,0,1,,1,,17.5,Cheveux,,Image Link or Product ID,,,,,,,,,,,,Fabriqué en Tunisie,,
,simple,405,Poudre de Henné Neutre,1,0,visible,Short Description,Main Description,taxable,,1,1,5,0,1,,1,,16.5,Cheveux,,Image Link or Product ID,,,,,,,,,,,,Fabriqué en Tunisie,,
,simple,406,Poudre de Amla,1,0,visible,Short Description,Main Description,taxable,,1,0,5,0,1,,1,,20,Cheveux,,Image Link or Product ID,,,,,,,,,,,,Fabriqué en Tunisie,,
,simple,407,Poudre de Neem,1,0,visible,Short Description,Main Description,taxable,,1,2,5,0,1,,1,,20,Cheveux,,Image Link or Product ID,,,,,,,,,,,,Fabriqué en Tunisie,,
,simple,409,Huile Végétale : Neem,1,0,visible,Short Description,Main Description,taxable,,1,2,5,0,1,,1,,16,Huiles,,Image Link or Product ID,,,,,,,,,,,,Fabriqué en Tunisie,,
,simple,410,Huile végétale : Brocoli,1,0,visible,Short Description,Main Description,taxable,,1,2,5,0,1,,1,,16,Huiles,,Image Link or Product ID,,,,,,,,,,,,Fabriqué en Tunisie,,
,simple,411,Huile Végétale : Baobab,1,0,visible,Short Description,Main Description,taxable,,1,3,5,0,1,,1,,18,Huiles,,Image Link or Product ID,,,,,,,,,,,,Fabriqué en Tunisie,,
,simple,412,Huile Végétale : Calophylle,1,0,visible,Short Description,Main Description,taxable,,1,3,5,0,1,,1,,16,Huiles,,Image Link or Product ID,,,,,,,,,,,,Fabriqué en Tunisie,,
,simple,413,Beurre de Cacao,1,0,visible,Short Description,Main Description,taxable,,1,2,5,0,1,,1,,27,Corps,,Image Link or Product ID,,,,,,,,,,,,Fabriqué en Tunisie,,
,simple,414,Serviette Cheveux en Microfibres,1,0,visible,Short Description,Main Description,taxable,,1,1,5,0,1,,1,,15,Cheveux,,Image Link or Product ID,,,,,,,,,,,,Fabriqué en Tunisie,,
,simple,415,Savon de Marseille,1,0,visible,Short Description,Main Description,taxable,,1,0,5,0,1,,1,,30,Produits ménagers,,Image Link or Product ID,,,,,,,,,,,,Fabriqué en Tunisie,,
,simple,419,Brosse à dent en bambou,1,0,visible,Short Description,Main Description,taxable,,1,1,5,0,1,,1,,12,Hygiène,,Image Link or Product ID,,,,,,,,,,,,Fabriqué en Tunisie,,
,simple,425,Water Detox,1,0,visible,Short Description,Main Description,taxable,,1,0,5,0,1,,1,,10.5,,,Image Link or Product ID,,,,,,,,,,,,Fabriqué en Tunisie,,
,simple,428,Dattes bio dénoyautées Kartago,1,0,visible,Short Description,Main Description,taxable,,1,0,5,0,1,,1,,5.2,Snacks,,Image Link or Product ID,,,,,,,,,,type 1,100% BIO,Fabriqué en Tunisie,,BIO
,simple,432,Sucre de dattes,1,0,visible,Short Description,Main Description,taxable,,1,0,5,0,1,,1,,18.3,Alimentation ,,Image Link or Product ID,,,,,,,,,,,,Fabriqué en Tunisie,,
,simple,433,Noix de Coco râpée,1,0,visible,Short Description,Main Description,taxable,,1,2,5,0,1,,1,,14.5,Alimentation ,,Image Link or Product ID,,,,,,,,,,,,Fabriqué en Tunisie,,
,simple,443,Gel Lavant Doux,1,0,visible,Short Description,Main Description,taxable,,1,1,5,0,1,,1,,17,Enfants,,Image Link or Product ID,,,,,,,,,,,,Fabriqué en Tunisie,,
,simple,444,Huile d'amande Douce,1,0,visible,Short Description,Main Description,taxable,,1,1,5,0,1,,1,,15,Cosmétique-huiles,,Image Link or Product ID,,,,,,,,,,,,Fabriqué en Tunisie,,
,simple,445,Eau Nettoyante,1,0,visible,Short Description,Main Description,taxable,,1,4,5,0,1,,1,,15,Enfants,,Image Link or Product ID,,,,,,,,,,,,Fabriqué en Tunisie,,
,simple,446,Farine de pois chiche,1,0,visible,Short Description,Main Description,taxable,,1,0,5,0,1,,1,,8.5,Alimentation- Farine,,Image Link or Product ID,,,,,,,,,,,,Fabriqué en Tunisie,,
,simple,447,Farine de Lentilles,1,0,visible,Short Description,Main Description,taxable,,1,0,5,0,1,,1,,8.5,Alimentation- Farine,,Image Link or Product ID,,,,,,,,,,,,Fabriqué en Tunisie,,
,simple,451,Gingembre Bio,1,0,visible,Short Description,Main Description,taxable,,1,3,5,0,1,,1,,12.1,Alimentation-Epices & herbes,,Image Link or Product ID,,,,,,,,,,type 1,100% BIO,Fabriqué en Tunisie,,BIO
,simple,452,Coriandre Moulue Bio,1,0,visible,Short Description,Main Description,taxable,,1,0,5,0,1,,1,,3.2,Alimentation-Epices & herbes,,Image Link or Product ID,,,,,,,,,,type 1,100% BIO,Fabriqué en Tunisie,,BIO
,simple,453,Paprika Bio,1,0,visible,Short Description,Main Description,taxable,,1,5,5,0,1,,1,,3.8,Alimentation-Epices & herbes,,Image Link or Product ID,,,,,,,,,,type 1,100% BIO,Fabriqué en Tunisie,,BIO
,simple,454,Curcuma Bio,1,0,visible,Short Description,Main Description,taxable,,1,5,5,0,1,,1,,7,Alimentation-Epices & herbes,,Image Link or Product ID,,,,,,,,,,type 1,100% BIO,Fabriqué en Tunisie,,BIO
,simple,455,Basilic Séché Bio,1,0,visible,Short Description,Main Description,taxable,,1,5,5,0,1,,1,,4,Alimentation-Epices & herbes,,Image Link or Product ID,,,,,,,,,,type 1,100% BIO,Fabriqué en Tunisie,,BIO
,simple,456,Thym Séché Bio,1,0,visible,Short Description,Main Description,taxable,,1,5,5,0,1,,1,,2.4,Alimentation-Epices & herbes,,Image Link or Product ID,,,,,,,,,,type 1,100% BIO,Fabriqué en Tunisie,,BIO
,simple,457,Graines de Courge,1,0,visible,Short Description,Main Description,taxable,,1,3,5,0,1,,1,,8,Snacks,,Image Link or Product ID,,,,,,,,,,,,Fabriqué en Tunisie,,
,simple,458,Amandes Bio,1,0,visible,Short Description,Main Description,taxable,,1,5,5,0,1,,1,,5.5,Snacks,,Image Link or Product ID,,,,,,,,,,type 1,100% BIO,Fabriqué en Tunisie,,BIO
,simple,460,Armoise Bio,1,0,visible,Short Description,Main Description,taxable,,1,5,5,0,1,,1,,5.5,Alimentation-Epices & herbes,,Image Link or Product ID,,,,,,,,,,type 1,100% BIO,Fabriqué en Tunisie,,BIO
,simple,461,Graines de lin,1,0,visible,Short Description,Main Description,taxable,,1,3,5,0,1,,1,,3.8,Alimentation,,Image Link or Product ID,,,,,,,,,,,,Fabriqué en Tunisie,,
,simple,462,"Culotte anti-fuites "" Rady""",1,0,visible,Short Description,Main Description,taxable,,1,17,5,0,1,,1,,60,Hygiène,,Image Link or Product ID,,,,,,,,,,,,Fabriqué en Tunisie,,
,simple,463,Semoule d'Orge Bio,1,0,visible,Short Description,Main Description,taxable,,1,0,5,0,1,,1,,3,Alimentation- céréales,,Image Link or Product ID,,,,,,,,,,type 1,100% BIO,Fabriqué en Tunisie,,BIO
,simple,464,Semoule de Blé Dur,1,0,visible,Short Description,Main Description,taxable,,1,0,5,0,1,,1,,2.5,Alimentation- céréales,,Image Link or Product ID,,,,,,,,,,,,Fabriqué en Tunisie,,
,simple,465,Bsissa de Lentille,1,0,visible,Short Description,Main Description,taxable,,1,0,5,0,1,,1,,8,Alimentation-petit déjeuner,,Image Link or Product ID,,,,,,,,,,,,Fabriqué en Tunisie,,
,simple,466,Lentille Bio,1,0,visible,Short Description,Main Description,taxable,,1,2,5,0,1,,1,,9.5,Alimentation- légumineuses,,Image Link or Product ID,,,,,,,,,,type 1,100% BIO,Fabriqué en Tunisie,,BIO
,simple,467,Pois Chiche Bio,1,0,visible,Short Description,Main Description,taxable,,1,0,5,0,1,,1,,8.5,Alimentation- légumineuses,,Image Link or Product ID,,,,,,,,,,type 1,100% BIO,Fabriqué en Tunisie,,BIO
,simple,468,Chorba d'Orge Précuite,1,0,visible,Short Description,Main Description,taxable,,1,0,5,0,1,,1,,5,Alimentation-céréales ,,Image Link or Product ID,,,,,,,,,,,,Fabriqué en Tunisie,,
,simple,469,Farine d'Amande Bio,1,0,visible,Short Description,Main Description,taxable,,1,0,5,0,1,,1,,20,Alimentation- Farine,,Image Link or Product ID,,,,,,,,,,type 1,100% BIO,Fabriqué en Tunisie,,BIO
,simple,470,Laurier Bio,1,0,visible,Short Description,Main Description,taxable,,1,5,5,0,1,,1,,1.2,Alimentation-Epices & herbes,,Image Link or Product ID,,,,,,,,,,type 1,100% BIO,Fabriqué en Tunisie,,BIO
,simple,471,Persil Séché,1,0,visible,Short Description,Main Description,taxable,,1,5,5,0,1,,1,,3,Alimentation-Epices & herbes,,Image Link or Product ID,,,,,,,,,,,,Fabriqué en Tunisie,,
,simple,472,Rouleau en Quartz Rose,1,0,visible,Short Description,Main Description,taxable,,1,0,5,0,1,,1,,49.9,,,Image Link or Product ID,,,,,,,,,,,,Fabriqué en Tunisie,,
,simple,476,Lot de 3  sacs réutilisables,1,0,visible,Short Description,Main Description,taxable,,1,8,5,0,1,,1,,18,Zéro déchet ,,Image Link or Product ID,,,,,,,,,,,,Fabriqué en Tunisie,,
,simple,477,Brosse à cheveux en bambou,1,0,visible,Short Description,Main Description,taxable,,1,0,5,0,1,,1,,19.9,Cheveux,,Image Link or Product ID,,,,,,,,,,,,Fabriqué en Tunisie,,
,simple,478,Brosse à dent en Bambou Naturel,1,0,visible,Short Description,Main Description,taxable,,1,0,5,0,1,,1,,8,Zéro déchet ,,Image Link or Product ID,,,,,,,,,,,,Fabriqué en Tunisie,,
,simple,479,CactuFit : Vinaigre de figue de barbarie,1,0,visible,Short Description,Main Description,taxable,,1,0,5,0,1,,1,,19.9,Alimentation- boissons,,Image Link or Product ID,,,,,,,,,,,,Fabriqué en Tunisie,,
,simple,480,Crème de nuit au venin d'abeille,1,0,visible,Short Description,Main Description,taxable,,1,4,5,0,1,,1,,36.9,Cosmétique- visage,,Image Link or Product ID,,,,,,,,,,,,Fabriqué en Tunisie,,
,simple,481,Acide Hyaluronique,1,0,visible,Short Description,Main Description,taxable,,1,0,5,0,1,,1,,42,Cosmétique- visage,,Image Link or Product ID,,,,,,,,,,,,Fabriqué en Tunisie,,
,simple,485,Stop Moustiques - Spray,1,0,visible,Short Description,Main Description,taxable,,1,7,5,0,1,,1,,9.4,Cosmétique,,Image Link or Product ID,,,,,,,,,,,,Fabriqué en Tunisie,,
,simple,486,Stop Moustiques - Lait,1,0,visible,Short Description,Main Description,taxable,,1,12,5,0,1,,1,,11.2,Cosmétique,,Image Link or Product ID,,,,,,,,,,,,Fabriqué en Tunisie,,
,simple,516,Huile de soin visage régénérante,1,0,visible,Short Description,Main Description,taxable,,1,4,5,0,1,,1,,41,Cosmétique- visage,,Image Link or Product ID,,,,,,,,,,,,Fabriqué en Tunisie,,
,simple,517,Huile de soin contour des yeux anti poche antirides,1,0,visible,Short Description,Main Description,taxable,,1,5,5,0,1,,1,,35,Cosmétique- visage,,Image Link or Product ID,,,,,,,,,,,,Fabriqué en Tunisie,,
,simple,518,Huile de soin embellisseur de peau au curcuma - Soin visage lumineux,1,0,visible,Short Description,Main Description,taxable,,1,5,5,0,1,,1,,35,Cosmétique- visage,,Image Link or Product ID,,,,,,,,,,,,Fabriqué en Tunisie,,
,simple,519,Embellisseur capillaire,1,0,visible,Short Description,Main Description,taxable,,1,0,5,0,1,,1,,30,,,Image Link or Product ID,,,,,,,,,,,,Fabriqué en Tunisie,,
,simple,536,Savon noir traditionnel,1,0,visible,Short Description,Main Description,taxable,,1,0,5,0,1,,1,,19,,,Image Link or Product ID,,,,,,,,,,,,Fabriqué en Tunisie,,
,simple,537,Savon vert traditionnel tunisien,1,0,visible,Short Description,Main Description,taxable,,1,0,5,0,1,,1,,19,,,Image Link or Product ID,,,,,,,,,,,,Fabriqué en Tunisie,,
,simple,546,Huile sèche vanille coco,1,0,visible,Short Description,Main Description,taxable,,1,0,5,0,1,,1,,39,,,Image Link or Product ID,,,,,,,,,,,,Fabriqué en Tunisie,,
,simple,547,Huile sèche Jasmin,1,0,visible,Short Description,Main Description,taxable,,1,0,5,0,1,,1,,45,,,Image Link or Product ID,,,,,,,,,,,,Fabriqué en Tunisie,,
,simple,548,Chantilly de Karité,1,0,visible,Short Description,Main Description,taxable,,1,0,5,0,1,,1,,18.5,,,Image Link or Product ID,,,,,,,,,,,,Fabriqué en Tunisie,,
,simple,551,Chantilly de karité à la Lavande,1,0,visible,Short Description,Main Description,taxable,,1,0,5,0,1,,1,,19.5,,,Image Link or Product ID,,,,,,,,,,,,Fabriqué en Tunisie,,
,simple,552,Body Scrub Miel & Coco,1,0,visible,Short Description,Main Description,taxable,,1,0,5,0,1,,1,,25,,,Image Link or Product ID,,,,,,,,,,,,Fabriqué en Tunisie,,
,simple,555,Baume à lèvres,1,0,visible,Short Description,Main Description,taxable,,1,0,5,0,1,,1,,10,,,Image Link or Product ID,,,,,,,,,,,,Fabriqué en Tunisie,,
,simple,565,Gel lavant 2en1,1,0,visible,Short Description,Main Description,taxable,,1,2,5,0,1,,1,,20,Hygiène,,Image Link or Product ID,,,,,,,,,,,,Fabriqué en Tunisie,,
,simple,567,Spray apaisant après-soleil,1,0,visible,Short Description,Main Description,taxable,,1,4,5,0,1,,1,,15.5,Cosmétique,,Image Link or Product ID,,,,,,,,,,,,Fabriqué en Tunisie,,
,simple,574,Bain d'huile - Le secret de Kahena,1,0,visible,Short Description,Main Description,taxable,,1,4,5,0,1,,1,,49.8,Cosmétique- Cheveux,,Image Link or Product ID,,,,,,,,,,,,Fabriqué en Tunisie,,
,simple,575,Sérum capillaire - Le secret de Kahena,1,0,visible,Short Description,Main Description,taxable,,1,1,5,0,1,,1,,22,Cosmétique- Cheveux,,Image Link or Product ID,,,,,,,,,,,,Fabriqué en Tunisie,,
,simple,576,Bonheur maman & bébé,1,0,visible,Short Description,Main Description,taxable,,1,1,5,0,1,,1,,68,Enfants,,Image Link or Product ID,,,,,,,,,,,,Fabriqué en Tunisie,,
,simple,577,3 Quinoas,1,0,visible,Short Description,Main Description,taxable,,1,0,5,0,1,,1,,48,Alimentation-céréales ,,Image Link or Product ID,,,,,,,,,,,,Fabriqué en Tunisie,,
,simple,578,Détox,1,0,visible,Short Description,Main Description,taxable,,1,0,5,0,1,,1,,45,Alimentation,,Image Link or Product ID,,,,,,,,,,,,Fabriqué en Tunisie,,
,simple,580,Super summer,1,0,visible,Short Description,Main Description,taxable,,1,5,5,0,1,,1,,32,Cosmétique,,Image Link or Product ID,,,,,,,,,,,,Fabriqué en Tunisie,,
,simple,581,Pimentes ta vie!,1,0,visible,Short Description,Main Description,taxable,,1,0,5,0,1,,1,,17.5,Alimentation-Epices & herbes,,Image Link or Product ID,,,,,,,,,,,,Fabriqué en Tunisie,,
,simple,582,Fresh & Clean,1,0,visible,Short Description,Main Description,taxable,,1,1,5,0,1,,1,,52.3,Cosmétique,,Image Link or Product ID,,,,,,,,,,,,Fabriqué en Tunisie,,
,simple,583,Happy Baby,1,0,visible,Short Description,Main Description,taxable,,1,0,5,0,1,,1,,75,Enfants,,Image Link or Product ID,,,,,,,,,,,,Fabriqué en Tunisie,,
,simple,584,Keto Love,1,0,visible,Short Description,Main Description,taxable,,1,0,5,0,1,,1,,75,Alimentation,,Image Link or Product ID,,,,,,,,,,,,Fabriqué en Tunisie,,
,simple,585,Petit déjeuner énergétique,1,0,visible,Short Description,Main Description,taxable,,1,0,5,0,1,,1,,55,Alimentation,,Image Link or Product ID,,,,,,,,,,,,Fabriqué en Tunisie,,
,simple,586,Sans Gluten,1,0,visible,Short Description,Main Description,taxable,,1,0,5,0,1,,1,,30,Alimentation,,Image Link or Product ID,,,,,,,,,,,,Fabriqué en Tunisie,,
,simple,589,Huile d'Olive Oleastra,1,0,visible,Short Description,Main Description,taxable,,1,4,5,0,1,,1,,19.5,Alimentation,,Image Link or Product ID,,,,,,,,,,,,Fabriqué en Tunisie,,
,simple,593,Sublime ongles,1,0,visible,Short Description,Main Description,taxable,,1,3,5,0,1,,1,,19,Cosmétique,,Image Link or Product ID,,,,,,,,,,,,Fabriqué en Tunisie,,
,simple,598,Huile de ricin,1,0,visible,Short Description,Main Description,taxable,,1,3,5,0,1,,1,,10,Cosmétque- Huiles,,Image Link or Product ID,,,,,,,,,,,,Fabriqué en Tunisie,,
,simple,599,Huile de jojoba,1,0,visible,Short Description,Main Description,taxable,,1,2,5,0,1,,1,,18,Cosmétque- Huiles,,Image Link or Product ID,,,,,,,,,,,,Fabriqué en Tunisie,,
,simple,600,Huile de sésame,1,0,visible,Short Description,Main Description,taxable,,1,2,5,0,1,,1,,10,Cosmétque- Huiles,,Image Link or Product ID,,,,,,,,,,,,Fabriqué en Tunisie,,
,simple,601,Huile d'amande douce,1,0,visible,Short Description,Main Description,taxable,,1,2,5,0,1,,1,,14,Cosmétque- Huiles,,Image Link or Product ID,,,,,,,,,,,,Fabriqué en Tunisie,,
,simple,602,Huile de pépins de figue de barbarie,1,0,visible,Short Description,Main Description,taxable,,1,1,5,0,1,,1,,35,Cosmétque- Huiles,,Image Link or Product ID,,,,,,,,,,,,Fabriqué en Tunisie,,
,simple,603,Gel Aloé Vera (à l'huile de figue de barbarie),1,0,visible,Short Description,Main Description,taxable,,1,7,5,0,1,,1,,25,Cosmétique,,Image Link or Product ID,,,,,,,,,,,,Fabriqué en Tunisie,,
,simple,605,"Gel douche sublimateur collagène, monoi et coco",1,0,visible,Short Description,Main Description,taxable,,1,1,5,0,1,,1,,20,corps,,Image Link or Product ID,,,,,,,,,,,,Fabriqué en Tunisie,,
,simple,607,Lait de corps sublimateur pailleté,1,0,visible,Short Description,Main Description,taxable,,1,2,5,0,1,,1,,32,corps,,Image Link or Product ID,,,,,,,,,,,,Fabriqué en Tunisie,,
,simple,608,Shampoing nutri réparateur,1,0,visible,Short Description,Main Description,taxable,,1,5,5,0,1,,1,,28,Cheveux,,Image Link or Product ID,,,,,,,,,,,,Fabriqué en Tunisie,,
,simple,609,Chantilly de karité & Coco (huile de pépins de figue de barbarie et Ylang ylang),1,0,visible,Short Description,Main Description,taxable,,1,3,5,0,1,,1,,30,Cheveux,,Image Link or Product ID,,,,,,,,,,,,Fabriqué en Tunisie,,
,simple,610,Mousse nettoyante aux huiles essentielles,1,0,visible,Short Description,Main Description,taxable,,1,5,5,0,1,,1,,35,Visage,,Image Link or Product ID,,,,,,,,,,,,Fabriqué en Tunisie,,
,simple,611,Huile de lin,1,0,visible,Short Description,Main Description,taxable,,1,2,5,0,1,,1,,10,Cosmétique- Huiles,,Image Link or Product ID,,,,,,,,,,,,Fabriqué en Tunisie,,
,simple,612,Vinaigre de figue de barbarie,1,0,visible,Short Description,Main Description,taxable,,1,3,5,0,1,,1,,10,alimentation,,Image Link or Product ID,,,,,,,,,,,,Fabriqué en Tunisie,,
,simple,613,Shampoing gel douche 2 en 1 pour homme,1,0,visible,Short Description,Main Description,taxable,,1,2,5,0,1,,1,,25,Cosmétique- Homme,,Image Link or Product ID,,,,,,,,,,,,Fabriqué en Tunisie,,
,simple,614,Mousse nettoyante pour homme,1,0,visible,Short Description,Main Description,taxable,,1,0,5,0,1,,1,,25,Cosmétique- Homme,,Image Link or Product ID,,,,,,,,,,,,Fabriqué en Tunisie,,
,simple,615,Baume après rasage - homme,1,0,visible,Short Description,Main Description,taxable,,1,0,5,0,1,,1,,18,Cosmétique- Homme,,Image Link or Product ID,,,,,,,,,,,,Fabriqué en Tunisie,,
,simple,616,Lotion après rasage - homme,1,0,visible,Short Description,Main Description,taxable,,1,1,5,0,1,,1,,15,Cosmétique- Homme,,Image Link or Product ID,,,,,,,,,,,,Fabriqué en Tunisie,,
,simple,617,Huile pour cheveux et barbe - homme,1,0,visible,Short Description,Main Description,taxable,,1,3,5,0,1,,1,,35,Cosmétique- Homme,,Image Link or Product ID,,,,,,,,,,,,Fabriqué en Tunisie,,
,simple,618,Huile sèche protectrice SPF 30+,1,0,visible,Short Description,Main Description,taxable,,1,2,5,0,1,,1,,25,corps,,Image Link or Product ID,,,,,,,,,,,,Fabriqué en Tunisie,,
,simple,619,Shampoing démêlant,1,0,visible,Short Description,Main Description,taxable,,1,0,5,0,1,,1,,28,Cheveux,,Image Link or Product ID,,,,,,,,,,,,Fabriqué en Tunisie,,
,simple,622,Sérum lissant restructurant,1,0,visible,Short Description,Main Description,taxable,,1,2,5,0,1,,1,,45,Cheveux,,Image Link or Product ID,,,,,,,,,,,,Fabriqué en Tunisie,,
,simple,623,Beurre de karité à l'huile de pépins de figue de barbarie,1,0,visible,Short Description,Main Description,taxable,,1,3,5,0,1,,1,,30,Cosmétique,,Image Link or Product ID,,,,,,,,,,,,Fabriqué en Tunisie,,
,simple,624,Gel nettoyant repulpant,1,0,visible,Short Description,Main Description,taxable,,1,3,5,0,1,,1,,25,Visage,,Image Link or Product ID,,,,,,,,,,,,Fabriqué en Tunisie,,
,simple,625,Lait démaquillant lissant,1,0,visible,Short Description,Main Description,taxable,,1,3,5,0,1,,1,,28,Visage,,Image Link or Product ID,,,,,,,,,,,,Fabriqué en Tunisie,,
,simple,626,Lotion micellaire pour peaux grasses,1,0,visible,Short Description,Main Description,taxable,,1,4,5,0,1,,1,,28,Visage,,Image Link or Product ID,,,,,,,,,,,,Fabriqué en Tunisie,,
,simple,627,Gel nettoyant pour peaux grasses,1,0,visible,Short Description,Main Description,taxable,,1,3,5,0,1,,1,,25,Visage,,Image Link or Product ID,,,,,,,,,,,,Fabriqué en Tunisie,,
,simple,628,Gommage exfoliant satinant,1,0,visible,Short Description,Main Description,taxable,,1,1,5,0,1,,1,,25,Visage,,Image Link or Product ID,,,,,,,,,,,,Fabriqué en Tunisie,,
,simple,629,Crème hydra matifiante,1,0,visible,Short Description,Main Description,taxable,,1,2,5,0,1,,1,,35,Visage,,Image Link or Product ID,,,,,,,,,,,,Fabriqué en Tunisie,,
,simple,630,Crème cicatrisante anti acné,1,0,visible,Short Description,Main Description,taxable,,1,4,5,0,1,,1,,35,Visage,,Image Link or Product ID,,,,,,,,,,,,Fabriqué en Tunisie,,
,simple,631,Crème de jour hydra protectrice,1,0,visible,Short Description,Main Description,taxable,,1,3,5,0,1,,1,,32,Visage,,Image Link or Product ID,,,,,,,,,,,,Fabriqué en Tunisie,,
,simple,632,Crème de nuit nutri réparatrice,1,0,visible,Short Description,Main Description,taxable,,1,3,5,0,1,,1,,35,Visage,,Image Link or Product ID,,,,,,,,,,,,Fabriqué en Tunisie,,
,simple,633,Mousse intime,1,0,visible,Short Description,Main Description,taxable,,1,3,5,0,1,,1,,20,Hygiène,,Image Link or Product ID,,,,,,,,,,,,Fabriqué en Tunisie,,
,simple,635,Pack gentleman,1,0,visible,Short Description,Main Description,taxable,,1,0,5,0,1,,1,,110,Cosmétique- Homme,,Image Link or Product ID,,,,,,,,,,,,Fabriqué en Tunisie,,
,simple,638,Pack de 50 pailles pour cocktail,1,0,visible,Short Description,Main Description,taxable,,1,1,5,0,1,,1,,8.5,Zéro déchet ,,Image Link or Product ID,,,,,,,,,,,,Fabriqué en Tunisie,,
,simple,639,Pack de 50 pailles,1,0,visible,Short Description,Main Description,taxable,,1,0,5,0,1,,1,,9.5,Zéro déchet ,,Image Link or Product ID,,,,,,,,,,,,Fabriqué en Tunisie,,
,simple,641,Sac à pain,1,0,visible,Short Description,Main Description,taxable,,1,10,5,0,1,,1,,10,Zéro déchet ,,Image Link or Product ID,,,,,,,,,,,,Fabriqué en Tunisie,,
,simple,650,Figues séchées,1,0,visible,Short Description,Main Description,taxable,,1,1,5,0,1,,1,,10.9,Snacks,,Image Link or Product ID,,,,,,,,,,,,Fabriqué en Tunisie,,
,simple,651,Boulghour,1,0,visible,Short Description,Main Description,taxable,,1,3,5,0,1,,1,,3.6,Alimentation,,Image Link or Product ID,,,,,,,,,,,,Fabriqué en Tunisie,,
,simple,652,Couscous maison,1,0,visible,Short Description,Main Description,taxable,,1,3,5,0,1,,1,,3.8,Alimentation,,Image Link or Product ID,,,,,,,,,,,,Fabriqué en Tunisie,,
,simple,654,Ras Hanout,1,0,visible,Short Description,Main Description,taxable,,1,3,5,0,1,,1,,4.3,Alimentation-Epices & herbes,,Image Link or Product ID,,,,,,,,,,,,Fabriqué en Tunisie,,
,simple,655,Paprika,1,0,visible,Short Description,Main Description,taxable,,1,3,5,0,1,,1,,5.2,Alimentation-Epices & herbes,,Image Link or Product ID,,,,,,,,,,,,Fabriqué en Tunisie,,
,simple,656,Harissa M'decha,1,0,visible,Short Description,Main Description,taxable,,1,3,5,0,1,,1,,5.6,Alimentation-Epices & herbes,,Image Link or Product ID,,,,,,,,,,,,Fabriqué en Tunisie,,
,simple,659,Coriandre moulu,1,0,visible,Short Description,Main Description,taxable,,1,3,5,0,1,,1,,3.9,Alimentation-Epices & herbes,,Image Link or Product ID,,,,,,,,,,,,Fabriqué en Tunisie,,
,simple,661,Thym moulu,1,0,visible,Short Description,Main Description,taxable,,1,3,5,0,1,,1,,3.5,Alimentation-Epices & herbes,,Image Link or Product ID,,,,,,,,,,,,Fabriqué en Tunisie,,
,simple,662,Romarin moulu,1,0,visible,Short Description,Main Description,taxable,,1,3,5,0,1,,1,,3.5,Alimentation-Epices & herbes,,Image Link or Product ID,,,,,,,,,,,,Fabriqué en Tunisie,,
,simple,663,Carvi moulu,1,0,visible,Short Description,Main Description,taxable,,1,3,5,0,1,,1,,3.9,Alimentation-Epices & herbes,,Image Link or Product ID,,,,,,,,,,,,Fabriqué en Tunisie,,
,simple,664,Mousse Nettoyante Clarifiante Éclat HERBÉOS,1,0,visible,Short Description,Main Description,taxable,,1,1,5,0,1,,1,,30,Visage,,Image Link or Product ID,,,,,,,,,,,,Fabriqué en Tunisie,,
,simple,665,Lotion clarifiante HERBÉOS,1,0,visible,Short Description,Main Description,taxable,,1,5,5,0,1,,1,,38,Visage,,Image Link or Product ID,,,,,,,,,,,,Fabriqué en Tunisie,,
,simple,667,Crème hydratante clarifiante éclat nuit peaux mixtes à grasses HERBÉOS,1,0,visible,Short Description,Main Description,taxable,,1,4,5,0,1,,1,,49,Visage,,Image Link or Product ID,,,,,,,,,,,,Fabriqué en Tunisie,,
,simple,668,Crème hydra clarifiante éclat nuit peaux normales à sèches HERBÉOS,1,0,visible,Short Description,Main Description,taxable,,1,3,5,0,1,,1,,49,Visage,,Image Link or Product ID,,,,,,,,,,,,Fabriqué en Tunisie,,
,simple,669,Lait de corps soyeux aux protéines de soie HERBÉOS,1,0,visible,Short Description,Main Description,taxable,,1,2,5,0,1,,1,,32,corps,,Image Link or Product ID,,,,,,,,,,,,Fabriqué en Tunisie,,
,simple,670,Gel douche soyeux collagène & fleurs de coton HERBÉOS,1,0,visible,Short Description,Main Description,taxable,,1,2,5,0,1,,1,,20,corps,,Image Link or Product ID,,,,,,,,,,,,Fabriqué en Tunisie,,
,simple,671,Lait de corps velours collagène et jasmin HERBÉOS,1,0,visible,Short Description,Main Description,taxable,,1,2,5,0,1,,1,,32,corps,,Image Link or Product ID,,,,,,,,,,,,Fabriqué en Tunisie,,
,simple,672,Gel Douche Velours Collagène Fleurs de Jasmin HERBÉOS,1,0,visible,Short Description,Main Description,taxable,,1,2,5,0,1,,1,,20,corps,,Image Link or Product ID,,,,,,,,,,,,Fabriqué en Tunisie,,
,simple,674,Crème de jouvence HERBÉOS,1,0,visible,Short Description,Main Description,taxable,,1,3,5,0,1,,1,,59,Visage,,Image Link or Product ID,,,,,,,,,,,,Fabriqué en Tunisie,,
,simple,681,Spiruline en paillettes,1,0,visible,Short Description,Main Description,taxable,,1,3,5,0,1,,1,,42.5,super aliments,,Image Link or Product ID,,,,,,,,,,,,Fabriqué en Tunisie,,
,simple,682,Spiruline en gélules,1,0,visible,Short Description,Main Description,taxable,,1,0,5,0,1,,1,,27.5,super aliments,,Image Link or Product ID,,,,,,,,,,,,Fabriqué en Tunisie,,
,simple,683,Chardon Marie,1,0,visible,Short Description,Main Description,taxable,,1,5,5,0,1,,1,,19,super aliments,,Image Link or Product ID,,,,,,,,,,,,Fabriqué en Tunisie,,
,simple,684,Moringa en gélules,1,0,visible,Short Description,Main Description,taxable,,1,4,5,0,1,,1,,22.5,super aliments,,Image Link or Product ID,,,,,,,,,,,,Fabriqué en Tunisie,,
,simple,685,Muesli énergie,1,0,visible,Short Description,Main Description,taxable,,1,0,5,0,1,,1,,23.5,alimentation,,Image Link or Product ID,,,,,,,,,,,,Fabriqué en Tunisie,,
,simple,686,Muesli crunchy,1,0,visible,Short Description,Main Description,taxable,,1,2,5,0,1,,1,,23.6,alimentation,,Image Link or Product ID,,,,,,,,,,,,Fabriqué en Tunisie,,
,simple,687,Flocons d'avoine,1,0,visible,Short Description,Main Description,taxable,,1,1,5,0,1,,1,,12.6,alimentation,,Image Link or Product ID,,,,,,,,,,,,Fabriqué en Tunisie,,
,simple,688,Flocons 5 céréales,1,0,visible,Short Description,Main Description,taxable,,1,2,5,0,1,,1,,12.6,alimentation,,Image Link or Product ID,,,,,,,,,,,,Fabriqué en Tunisie,,
,simple,690,Lait de coco en poudre instantanée,1,0,visible,Short Description,Main Description,taxable,,1,1,5,0,1,,1,,22,alimentation,,Image Link or Product ID,,,,,,,,,,,,Fabriqué en Tunisie,,
,simple,691,Flocons d'avoine,1,0,visible,Short Description,Main Description,taxable,,1,2,5,0,1,,1,,6.88,alimentation,,Image Link or Product ID,,,,,,,,,,,,Fabriqué en Tunisie,,
,simple,692,Farine de coco BIO,1,0,visible,Short Description,Main Description,taxable,,1,3,5,0,1,,1,,10.5,alimentation,,Image Link or Product ID,,,,,,,,,,type 1,100% BIO,Fabriqué en Tunisie,,BIO
,simple,693,Farine de lupin,1,0,visible,Short Description,Main Description,taxable,,1,3,5,0,1,,1,,12,alimentation,,Image Link or Product ID,,,,,,,,,,,,Fabriqué en Tunisie,,
,simple,696,Farine d'épeautre,1,0,visible,Short Description,Main Description,taxable,,1,3,5,0,1,,1,,12,alimentation,,Image Link or Product ID,,,,,,,,,,,,Fabriqué en Tunisie,,
,simple,35,Miel jujubier,1,0,visible,Short Description,Main Description,taxable,,1,0,5,0,1,,1,,18,alimentation,,Image Link or Product ID,,,,,,,,,,,,Fabriqué en Tunisie,,
,simple,36,Miel marrube,1,0,visible,Short Description,Main Description,taxable,,1,0,5,0,1,,1,,18,alimentation,,Image Link or Product ID,,,,,,,,,,,,Fabriqué en Tunisie,,
,simple,52,Tisane drainante Elixir,1,0,visible,Short Description,Main Description,taxable,,1,1,5,0,1,,1,,4.5,alimentation,,Image Link or Product ID,,,,,,,,,,,,Fabriqué en Tunisie,,
,simple,54,Tisane amincissement Elixir Bio,1,0,visible,Short Description,Main Description,taxable,,1,0,5,0,1,,1,,4.5,alimentation,,Image Link or Product ID,,,,,,,,,,type 1,100% BIO,Fabriqué en Tunisie,,BIO
,simple,89,Beurre d'amande,1,0,visible,Short Description,Main Description,taxable,,1,0,5,0,1,,1,,16,alimentation,,Image Link or Product ID,,,,,,,,,,,,Fabriqué en Tunisie,,
,simple,90,Pâte à tartiner chocolat noisette,1,0,visible,Short Description,Main Description,taxable,,1,0,5,0,1,,1,,16,alimentation,,Image Link or Product ID,,,,,,,,,,,,Fabriqué en Tunisie,,
,simple,91,Beurre de cacahuète et chia,1,0,visible,Short Description,Main Description,taxable,,1,4,5,0,1,,1,,9,alimentation,,Image Link or Product ID,,,,,,,,,,,,Fabriqué en Tunisie,,
,simple,104,Tisane apaisante Elixir Bio,1,0,visible,Short Description,Main Description,taxable,,1,0,5,0,1,,1,,4.5,alimentation,,Image Link or Product ID,,,,,,,,,,type 1,100% BIO,Fabriqué en Tunisie,,BIO
,simple,112,Hydrolat d'Ortie Phytokad,1,0,visible,Short Description,Main Description,taxable,,1,0,5,0,1,,1,,10.5,hydrolats,,Image Link or Product ID,,,,,,,,,,,,Fabriqué en Tunisie,,
,simple,113,Hydrolat Fenouil Phytokad,1,0,visible,Short Description,Main Description,taxable,,1,6,5,0,1,,1,,10.5,hydrolats,,Image Link or Product ID,,,,,,,,,,,,Fabriqué en Tunisie,,
,simple,132,Tisane Zen Phytokad,1,0,visible,Short Description,Main Description,taxable,,1,0,5,0,1,,1,,10.9,Thés & Tisanes,,Image Link or Product ID,,,,,,,,,,,,Fabriqué en Tunisie,,
,simple,133,Tisane Digestion Facilitée Phytokad,1,0,visible,Short Description,Main Description,taxable,,1,1,5,0,1,,1,,10.9,Thés & Tisanes,,Image Link or Product ID,,,,,,,,,,,,Fabriqué en Tunisie,,
,simple,134,Tisane Equilibre Féminin,1,0,visible,Short Description,Main Description,taxable,,1,0,5,0,1,,1,,10.9,Thés & Tisanes,,Image Link or Product ID,,,,,,,,,,,,Fabriqué en Tunisie,,
,simple,135,Tisane Sommeil Profond Phytokad,1,0,visible,Short Description,Main Description,taxable,,1,0,5,0,1,,1,,10.9,Thés & Tisanes,,Image Link or Product ID,,,,,,,,,,,,Fabriqué en Tunisie,,
,simple,138,Tisane Apaisante Enfants,1,0,visible,Short Description,Main Description,taxable,,1,2,5,0,1,,1,,10.9,Thés & Tisanes,,Image Link or Product ID,,,,,,,,,,,,Fabriqué en Tunisie,,
,simple,139,Tisane Respiratoire Enfants,1,0,visible,Short Description,Main Description,taxable,,1,3,5,0,1,,1,,10.9,Thés & Tisanes,,Image Link or Product ID,,,,,,,,,,,,Fabriqué en Tunisie,,
,simple,141,Tisane sevrage,1,0,visible,Short Description,Main Description,taxable,,1,0,5,0,1,,1,,10.9,Thés & Tisanes,,Image Link or Product ID,,,,,,,,,,,,Fabriqué en Tunisie,,
,simple,142,Tisane Respiratoire Adulte,1,0,visible,Short Description,Main Description,taxable,,1,0,5,0,1,,1,,10.9,Thés & Tisanes,,Image Link or Product ID,,,,,,,,,,,,Fabriqué en Tunisie,,
,simple,143,Tisane allaitement,1,0,visible,Short Description,Main Description,taxable,,1,0,5,0,1,,1,,10.9,Thés & Tisanes,,Image Link or Product ID,,,,,,,,,,,,Fabriqué en Tunisie,,
,simple,144,Tisane détox et minceur,1,0,visible,Short Description,Main Description,taxable,,1,0,5,0,1,,1,,10.9,Thés & Tisanes,,Image Link or Product ID,,,,,,,,,,,,Fabriqué en Tunisie,,
,simple,154,Shampoing Usage Fréquent - Certifié BIO,1,0,visible,Short Description,Main Description,taxable,,1,0,5,0,1,,1,,34.9,cheveux,,Image Link or Product ID,,,,,,,,,,type 1,100% BIO,Fabriqué en Tunisie,,BIO
,simple,155,Shampoing Eclat Couleur – Certifié BIO,1,0,visible,Short Description,Main Description,taxable,,1,11,5,0,1,,1,,34.9,cheveux,,Image Link or Product ID,,,,,,,,,,type 1,100% BIO,Fabriqué en Tunisie,,BIO
,simple,159,Shampoing Antipelliculaire - Certifié BIO,1,0,visible,Short Description,Main Description,taxable,,1,0,5,0,1,,1,,34.9,cheveux,,Image Link or Product ID,,,,,,,,,,type 1,100% BIO,Fabriqué en Tunisie,,BIO
,simple,160,Shampoing Purifiant - Certifié BIO,1,0,visible,Short Description,Main Description,taxable,,1,0,5,0,1,,1,,34.9,cheveux,,Image Link or Product ID,,,,,,,,,,type 1,100% BIO,Fabriqué en Tunisie,,BIO
,simple,171,Quinoa noir  340 g,1,0,visible,Short Description,Main Description,taxable,,1,2,5,0,1,,1,,17.9,alimentation,,Image Link or Product ID,,,,,,,,,,,,Fabriqué en Tunisie,,
,simple,172,Quinoa Blanc,1,0,visible,Short Description,Main Description,taxable,,1,0,5,0,1,,1,,16.5,alimentation,,Image Link or Product ID,,,,,,,,,,,,Fabriqué en Tunisie,,
,simple,173,Quinoa rouge 340 g,1,0,visible,Short Description,Main Description,taxable,,1,2,5,0,1,,1,,17.9,alimentation,,Image Link or Product ID,,,,,,,,,,,,Fabriqué en Tunisie,,
,simple,175,Beurre de noix de cajou,1,0,visible,Short Description,Main Description,taxable,,1,3,5,0,1,,1,,18,alimentation,,Image Link or Product ID,,,,,,,,,,,,Fabriqué en Tunisie,,
,simple,176,Beurre ABC,1,0,visible,Short Description,Main Description,taxable,,1,0,5,0,1,,1,,17,alimentation,,Image Link or Product ID,,,,,,,,,,,,Fabriqué en Tunisie,,
,simple,177,Miel Eucalyptus,1,0,visible,Short Description,Main Description,taxable,,1,3,5,0,1,,1,,18,alimentation,,Image Link or Product ID,,,,,,,,,,,,Fabriqué en Tunisie,,
,simple,178,Miel Thym,1,0,visible,Short Description,Main Description,taxable,,1,0,5,0,1,,1,,18,alimentation,,Image Link or Product ID,,,,,,,,,,,,Fabriqué en Tunisie,,
,simple,180,Hydrolat Romarin Phytokad,1,0,visible,Short Description,Main Description,taxable,,1,5,5,0,1,,1,,10.5,alimentation,,Image Link or Product ID,,,,,,,,,,,,Fabriqué en Tunisie,,
,simple,181,Tisane laxative,1,0,visible,Short Description,Main Description,taxable,,1,0,5,0,1,,1,,10.9,Thés & Tisanes,,Image Link or Product ID,,,,,,,,,,,,Fabriqué en Tunisie,,
,simple,182,Tisane bébé,1,0,visible,Short Description,Main Description,taxable,,1,0,5,0,1,,1,,10.9,Thés & Tisanes,,Image Link or Product ID,,,,,,,,,,,,Fabriqué en Tunisie,,
,simple,185,Thé vert bio Elixir,1,0,visible,Short Description,Main Description,taxable,,1,1,5,0,1,,1,,18,Thés & Tisanes,,Image Link or Product ID,,,,,,,,,,type 1,100% BIO,Fabriqué en Tunisie,,BIO
,simple,186,Tisane hiver bio Elixir,1,0,visible,Short Description,Main Description,taxable,,1,3,5,0,1,,1,,4.5,Thés & Tisanes,,Image Link or Product ID,,,,,,,,,,type 1,100% BIO,Fabriqué en Tunisie,,BIO
,simple,187,Tisane anti-courbatures Elixir Bio,1,0,visible,Short Description,Main Description,taxable,,1,0,5,0,1,,1,,4.5,Thés & Tisanes,,Image Link or Product ID,,,,,,,,,,type 1,100% BIO,Fabriqué en Tunisie,,BIO
,simple,188,Tisane allaitement Elixir Bio,1,0,visible,Short Description,Main Description,taxable,,1,1,5,0,1,,1,,4.5,Thés & Tisanes,,Image Link or Product ID,,,,,,,,,,type 1,100% BIO,Fabriqué en Tunisie,,BIO
,simple,189,Tisane digestive Elixir Bio,1,0,visible,Short Description,Main Description,taxable,,1,0,5,0,1,,1,,4.5,Thés & Tisanes,,Image Link or Product ID,,,,,,,,,,type 1,100% BIO,Fabriqué en Tunisie,,BIO
,simple,310,Complément Alimentaire - Ail,1,0,visible,Short Description,Main Description,taxable,,1,0,5,0,1,,1,,17.9,compléments alimentaires,,Image Link or Product ID,,,,,,,,,,,,Fabriqué en Tunisie,,
,simple,311,Complément Alimentaire - Artichaut,1,0,visible,Short Description,Main Description,taxable,,1,2,5,0,1,,1,,17.9,compléments alimentaires,,Image Link or Product ID,,,,,,,,,,,,Fabriqué en Tunisie,,
,simple,312,Complément Alimentaire - Phyto-Vitamines,1,0,visible,Short Description,Main Description,taxable,,1,3,5,0,1,,1,,20.9,compléments alimentaires,,Image Link or Product ID,,,,,,,,,,,,Fabriqué en Tunisie,,
,simple,313,Complément Alimentaire - Curcuma,1,0,visible,Short Description,Main Description,taxable,,1,1,5,0,1,,1,,23.9,compléments alimentaires,,Image Link or Product ID,,,,,,,,,,,,Fabriqué en Tunisie,,
,simple,321,Hydrolat de Camomille,1,0,visible,Short Description,Main Description,taxable,,1,4,5,0,1,,1,,10.5,hydrolats,,Image Link or Product ID,,,,,,,,,,,,Fabriqué en Tunisie,,
,simple,384,Dentifrice Moussant,1,0,visible,Short Description,Main Description,taxable,,1,4,5,0,1,,1,,9.9,HYgiène,,Image Link or Product ID,,,,,,,,,,,,Fabriqué en Tunisie,,
,simple,385,Dentifrice Non Moussant,1,0,visible,Short Description,Main Description,taxable,,1,6,5,0,1,,1,,9.9,HYgiène,,Image Link or Product ID,,,,,,,,,,,,Fabriqué en Tunisie,,
,simple,386,Dentifrice au Charbon Végétal,1,0,visible,Short Description,Main Description,taxable,,1,3,5,0,1,,1,,11.8,HYgiène,,Image Link or Product ID,,,,,,,,,,,,Fabriqué en Tunisie,,
,simple,423,Complément Alimentaire - Maca,1,0,visible,Short Description,Main Description,taxable,,1,2,5,0,1,,1,,28.6,compléments alimentaires,,Image Link or Product ID,,,,,,,,,,,,Fabriqué en Tunisie,,
,simple,424,Complément Alimentaire - Fenugrec,1,0,visible,Short Description,Main Description,taxable,,1,1,5,0,1,,1,,18,compléments alimentaires,,Image Link or Product ID,,,,,,,,,,,,Fabriqué en Tunisie,,
,simple,491,Savon à l'Ortie et au Romarin,1,0,visible,Short Description,Main Description,taxable,,1,0,5,0,1,,1,,11,,,Image Link or Product ID,,,,,,,,,,,,Fabriqué en Tunisie,,
,simple,492,Savon miel et propolis,1,0,visible,Short Description,Main Description,taxable,,1,0,5,0,1,,1,,11,,,Image Link or Product ID,,,,,,,,,,,,Fabriqué en Tunisie,,
,simple,493,Savon au beurre de Karité,1,0,visible,Short Description,Main Description,taxable,,1,0,5,0,1,,1,,11,,,Image Link or Product ID,,,,,,,,,,,,Fabriqué en Tunisie,,
,simple,494,Savon à l'huile de nigelle et sels marins,1,0,visible,Short Description,Main Description,taxable,,1,0,5,0,1,,1,,11,,,Image Link or Product ID,,,,,,,,,,,,Fabriqué en Tunisie,,
,simple,495,Savon à l'argile rose et l'huile essentielle de lavande,1,0,visible,Short Description,Main Description,taxable,,1,0,5,0,1,,1,,11,,,Image Link or Product ID,,,,,,,,,,,,Fabriqué en Tunisie,,
,simple,497,Shampoing solide démêlant,1,0,visible,Short Description,Main Description,taxable,,1,0,5,0,1,,1,,21,,,Image Link or Product ID,,,,,,,,,,,,Fabriqué en Tunisie,,
,simple,498,Savon au curcuma et l'huile de sésame,1,0,visible,Short Description,Main Description,taxable,,1,0,5,0,1,,1,,11,,,Image Link or Product ID,,,,,,,,,,,,Fabriqué en Tunisie,,
,simple,499,Savon de douche au lavandin,1,0,visible,Short Description,Main Description,taxable,,1,0,5,0,1,,1,,21,,,Image Link or Product ID,,,,,,,,,,,,Fabriqué en Tunisie,,
,simple,500,Shampoing liquide à l'ortie et pamplemousse,1,0,visible,Short Description,Main Description,taxable,,1,0,5,0,1,,1,,38,,,Image Link or Product ID,,,,,,,,,,,,Fabriqué en Tunisie,,
,simple,503,Shampoing liquide à l'aloevera et au beurre de karité,1,0,visible,Short Description,Main Description,taxable,,1,0,5,0,1,,1,,42,,,Image Link or Product ID,,,,,,,,,,,,Fabriqué en Tunisie,,
,simple,505,Shampoing liquide au henné et à l'huile essentielle de ylang ylang,1,0,visible,Short Description,Main Description,taxable,,1,0,5,0,1,,1,,38,,,Image Link or Product ID,,,,,,,,,,,,Fabriqué en Tunisie,,
,simple,507,Shampoing liquide calendula lavande,1,0,visible,Short Description,Main Description,taxable,,1,0,5,0,1,,1,,38,,,Image Link or Product ID,,,,,,,,,,,,Fabriqué en Tunisie,,
,simple,510,Shampoing liquide Néroli,1,0,visible,Short Description,Main Description,taxable,,1,0,5,0,1,,1,,38,,,Image Link or Product ID,,,,,,,,,,,,Fabriqué en Tunisie,,
,simple,511,Lotion nettoyante et démaquillante,1,0,visible,Short Description,Main Description,taxable,,1,0,5,0,1,,1,,12,,,Image Link or Product ID,,,,,,,,,,,,Fabriqué en Tunisie,,
,simple,512,Galet d'argile blanche et huile essentielle de bois de rose,1,0,visible,Short Description,Main Description,taxable,,1,0,5,0,1,,1,,11,,,Image Link or Product ID,,,,,,,,,,,,Fabriqué en Tunisie,,
,simple,513,"Galet d'argile au curcuma, Purifiant-effet bonne mine",1,0,visible,Short Description,Main Description,taxable,,1,0,5,0,1,,1,,11,,,Image Link or Product ID,,,,,,,,,,,,Fabriqué en Tunisie,,
,simple,514,Galet d'argile jaune et fleur d'oranger,1,0,visible,Short Description,Main Description,taxable,,1,0,5,0,1,,1,,11,,,Image Link or Product ID,,,,,,,,,,,,Fabriqué en Tunisie,,
,simple,515,Galet d'argile verte et huile essentielle de tea tree et lavande,1,0,visible,Short Description,Main Description,taxable,,1,0,5,0,1,,1,,11,,,Image Link or Product ID,,,,,,,,,,,,Fabriqué en Tunisie,,
,simple,594,Huile essentielle de Romarin,1,0,visible,Short Description,Main Description,taxable,,1,8,5,0,1,,1,,8,Cosmétique-huiles,,Image Link or Product ID,,,,,,,,,,,,Fabriqué en Tunisie,,
,simple,595,Huile essentielle de Lavande fine,1,0,visible,Short Description,Main Description,taxable,,1,4,5,0,1,,1,,12,Cosmétique-huiles,,Image Link or Product ID,,,,,,,,,,,,Fabriqué en Tunisie,,
,simple,597,Huile essentielle d'arbre à thé,1,0,visible,Short Description,Main Description,taxable,,1,2,5,0,1,,1,,10,Cosmétique-huiles,,Image Link or Product ID,,,,,,,,,,,,Fabriqué en Tunisie,,
,simple,646,Miel de forêt,1,0,visible,Short Description,Main Description,taxable,,1,4,5,0,1,,1,,17,alimentation,,Image Link or Product ID,,,,,,,,,,,,Fabriqué en Tunisie,,
,simple,647,Miel de Thym,1,0,visible,Short Description,Main Description,taxable,,1,3,5,0,1,,1,,18,alimentation,,Image Link or Product ID,,,,,,,,,,,,Fabriqué en Tunisie,,
,simple,648,Miel de fleurs d'Oranger,1,0,visible,Short Description,Main Description,taxable,,1,4,5,0,1,,1,,17,alimentation,,Image Link or Product ID,,,,,,,,,,,,Fabriqué en Tunisie,,
,simple,649,Miel d'Eucalyptus,1,0,visible,Short Description,Main Description,taxable,,1,3,5,0,1,,1,,17,alimentation,,Image Link or Product ID,,,,,,,,,,,,Fabriqué en Tunisie,,
,simple,657,Miel de Jujubier,1,0,visible,Short Description,Main Description,taxable,,1,1,5,0,1,,1,,18,alimentation,,Image Link or Product ID,,,,,,,,,,,,Fabriqué en Tunisie,,
,simple,658,Miel de coriandre,1,0,visible,Short Description,Main Description,taxable,,1,3,5,0,1,,1,,16,alimentation,,Image Link or Product ID,,,,,,,,,,,,Fabriqué en Tunisie,,
,simple,676,Huile essentielle d'Eucalyptus citronnée,1,0,visible,Short Description,Main Description,taxable,,1,3,5,0,1,,1,,8,Cosmétique-huiles,,Image Link or Product ID,,,,,,,,,,,,Fabriqué en Tunisie,,
,simple,677,Huile essentielle de citron,1,0,visible,Short Description,Main Description,taxable,,1,3,5,0,1,,1,,10,Cosmétique-huiles,,Image Link or Product ID,,,,,,,,,,,,Fabriqué en Tunisie,,
,simple,678,Huile essentielle d'orange douce,1,0,visible,Short Description,Main Description,taxable,,1,2,5,0,1,,1,,10,Cosmétique-huiles,,Image Link or Product ID,,,,,,,,,,,,Fabriqué en Tunisie,,
,variable,VAR1,Barre énergitique,1,0,visible,Short Description,Main Description,taxable,,0,0,5,0,0,,1,,,Snacks,,Image Link or Product ID,,,0,Saveur ,"Bsissa,Figue,Sésame,Raisin ,Abricot,Choco abricot ",1,1,,,,,Fabriqué en Tunisie,,
,variation,114,Barre énergétique - Bsissa,1,0,visible,,,taxable,parent,,16,5,0,0,,0,,2.5,,,,VAR1,,1,Saveur ,Bsissa,,1,,,,,Tunisie,,
,variation,116,Barre énergétique - Figue,1,0,visible,,,taxable,parent,,13,5,0,0,,0,,2.5,,,,VAR1,,2,Saveur ,Figue,,1,,,,,Tunisie,,
,variation,118,Barre énergétique - Sésame,1,0,visible,,,taxable,parent,,12,5,0,0,,0,,2.5,,,,VAR1,,3,Saveur ,Sésame,,1,,,,,Tunisie,,
,variation,119,Barre énergétique - Raisin,1,0,visible,,,taxable,parent,,0,5,0,0,,0,,2.5,,,,VAR1,,4,Saveur ,Raisin ,,1,,,,,Tunisie,,
,variation,120,Barre énergétique - Abricot,1,0,visible,,,taxable,parent,,24,5,0,0,,0,,2.5,,,,VAR1,,5,Saveur ,Abricot,,1,,,,,Tunisie,,
,variation,122,Barre énergétique - Choco Abricot,1,0,visible,,,taxable,parent,,0,5,0,0,,0,,3.5,,,,VAR1,,6,Saveur ,Choco abricot ,,1,,,,,Tunisie,,
,variable,VAR2,Masque visage BIO ,1,0,visible,Short Description,Main Description,taxable,,0,0,5,0,0,,1,,,Visage,,Image Link or Product ID,,,0,Fonctionnalité ,"Purifiant,Hydratant ,Energisant & coup d'éclat",1,1,,,type 1,100% BIO,Fabriqué en Tunisie,,BIO
,variation,202,Masque Visage Purifiant - Certifié Bio,1,0,visible,,,taxable,parent,,2,5,0,0,,0,,28.177,,,,VAR2,,1,Fonctionnalité ,Purifiant,,1,,,,,Tunisie,,
,variation,203,Masque Visage Hydratant - Certifié Bio,1,0,visible,,,taxable,parent,,1,5,0,0,,0,,28.9,,,,VAR2,,2,Fonctionnalité ,Hydratant ,,1,,,,,Tunisie,,
,variation,209,Masque Visage Energisant & Coup d’Eclat - Certifié Bio,1,0,visible,,,taxable,parent,,2,5,0,0,,0,,30.9,,,,VAR2,,3,Fonctionnalité ,Energisant & coup d'éclat,,1,,,,,Tunisie,,
,variable,VAR3,Crayon DUO yeux BIO,1,0,visible,Short Description,Main Description,taxable,,0,0,5,0,0,,1,,,Cosmétique-yeux ,,Image Link or Product ID,,,0,Couleur ,"Doré & bronze cuivré ,Noir charbon & taupe nacré,Cuivre irisé & terre brûlée ",1,1,,,type 1,100% BIO,Fabriqué en Tunisie,,BIO
,variation,230,Crayon Duo Yeux Beige Doré & Bronze Cuivré,1,0,visible,,,taxable,parent,,0,5,0,0,,0,,29.5,,,,VAR3,,1,Couleur ,Doré & bronze cuivré ,,1,,,,,Tunisie,,
,variation,231,Crayon Duo Yeux Noir Charbon & Taupe Nacré,1,0,visible,,,taxable,parent,,1,5,0,0,,0,,29.5,,,,VAR3,,2,Couleur ,Noir charbon & taupe nacré,,1,,,,,Tunisie,,
,variation,232,Crayon Duo Cuivre Irisé & Terre Brûlée,1,0,visible,,,taxable,parent,,3,5,0,0,,0,,29.5,,,,VAR3,,3,Couleur ,Cuivre irisé & terre brûlée ,,1,,,,,Tunisie,,
,variable,VAR4,Crayon yeux BIO,1,0,visible,Short Description,Main Description,taxable,,0,0,5,0,0,,1,,,Cosmétique-yeux ,,Image Link or Product ID,,,0,Couleur ,"Bleu Egyptien ,Vert Impérial",1,1,,,type 1,100% BIO,Fabriqué en Tunisie,,BIO
,variation,233,Crayon Yeux Bleu Egyptien Bio,1,0,visible,,,taxable,parent,,5,5,0,0,,0,,25.9,,,,VAR4,,1,Couleur ,Bleu Egyptien ,,1,,,,,Tunisie,,
,variation,235,Crayon Yeux Vert Impérial Bio,1,0,visible,,,taxable,parent,,2,5,0,0,,0,,25.9,,,,VAR4,,2,Couleur ,Vert Impérial,,1,,,,,Tunisie,,
,variable,VAR5,Crayon rouge à lèvres BIO,1,0,visible,Short Description,Main Description,taxable,,0,0,5,0,0,,1,,,Cosmétique-lèvres,,Image Link or Product ID,,,0,Couleur ,"Rouge griotte ,Vrai rouge",1,1,,,type 1,100% BIO,Fabriqué en Tunisie,,BIO
,variation,236,Crayon rouge à lèvres/ Rouge Griotte Bio,1,0,visible,,,taxable,parent,,1,5,0,0,,0,,25.12605,,,,VAR5,,1,Couleur ,Rouge griotte ,,1,,,,,Tunisie,,
,variation,237,Crayon rouge à lèvres/ vrai rouge bio,1,0,visible,,,taxable,parent,,0,5,0,0,,0,,25.12605,,,,VAR5,,2,Couleur ,Vrai rouge,,1,,,,,Tunisie,,
,variable,VAR6,Rouge à lèvres MAT BIO,1,0,visible,Short Description,Main Description,taxable,,0,0,5,0,0,,1,,,Cosmétique-lèvres,,Image Link or Product ID,,,0,Référence  ,"Pêche irisée,Rose Vinyle ,Sienne brûlée ,Acajou ,Terre battue ",1,1,,,type 1,100% BIO,Fabriqué en Tunisie,,BIO
,variation,241,Rouge à Lèvres Mat Pêche Irisée Bio,1,0,visible,,,taxable,parent,,5,5,0,0,,0,,41.5,,,,VAR6,,1,Référence  ,Pêche irisée,,1,,,,,,,
,variation,242,Rouge à Lèvres Mat Rose Vinyle Bio,1,0,visible,,,taxable,parent,,0,5,0,0,,0,,41.5,,,,VAR6,,2,Référence  ,Rose Vinyle ,,1,,,,,,,
,variation,243,Rouge à Lèvres Mat Sienne Brûlée Bio,1,0,visible,,,taxable,parent,,5,5,0,0,,0,,41.5,,,,VAR6,,3,Référence  ,Sienne brûlée ,,1,,,,,,,
,variation,244,Rouge à Lèvres Mat Acajou Bio,1,0,visible,,,taxable,parent,,2,5,0,0,,0,,41.5,,,,VAR6,,4,Référence  ,Acajou ,,1,,,,,,,
,variation,245,Rouge à Lèvres Mat Terre Battue Bio,1,0,visible,,,taxable,parent,,16,5,0,0,,0,,41.5,,,,VAR6,,5,Référence  ,Terre battue ,,1,,,,,,,
,variable,VAR7,Fond de teint BIO,1,0,visible,Short Description,Main Description,taxable,,0,0,5,0,0,,1,,,Cosmétique-teint,,Image Link or Product ID,,,0,Teinte ,"Clair,Beige,Nude,Doré",1,1,,,type 1,100% BIO,Fabriqué en Tunisie,,BIO
,variation,246,Fond de Teint Clair Bio,1,0,visible,,,taxable,parent,,5,5,0,0,,0,,47,,,,VAR7,,1,Teinte ,Clair,,1,,,,,,,
,variation,247,Fond de Teint Beige Bio,1,0,visible,,,taxable,parent,,6,5,0,0,,0,,47,,,,VAR7,,2,Teinte ,Beige,,1,,,,,,,
,variation,248,Fond de Teint Nude Bio,1,0,visible,,,taxable,parent,,0,5,0,0,,0,,47,,,,VAR7,,3,Teinte ,Nude,,1,,,,,,,
,variation,249,Fond de Teint Doré Bio,1,0,visible,,,taxable,parent,,6,5,0,0,,0,,47,,,,VAR7,,4,Teinte ,Doré,,1,,,,,,,
,variable,VAR8,Anti cernes BIO,1,0,visible,Short Description,Main Description,taxable,,0,0,5,0,0,,1,,,Cosmétique-teint,,Image Link or Product ID,,,0,Teinte ,"Ivoire,Nude,Porcelaine",1,1,,,type 1,100% BIO,Fabriqué en Tunisie,,BIO
,variation,250,Anti Cernes Ivoire Bio,1,0,visible,,,taxable,parent,,2,5,0,0,,0,,37.8,,,,VAR8,,1,Teinte ,Ivoire,,1,,,,,,,
,variation,251,Anti cernes Nude Bio,1,0,visible,,,taxable,parent,,15,5,0,0,,0,,37.8,,,,VAR8,,2,Teinte ,Nude,,1,,,,,,,
,variation,252,Anti Cernes Porcelaine Bio,1,0,visible,,,taxable,parent,,2,5,0,0,,0,,37.8,,,,VAR8,,3,Teinte ,Porcelaine,,1,,,,,,,
,variable,VAR9,Poudre compacte BIO,1,0,visible,Short Description,Main Description,taxable,,0,0,5,0,0,,1,,,Cosmétique-teint,,Image Link or Product ID,,,0,Teinte ,"Claire,Nude",1,1,,,type 1,100% BIO,Fabriqué en Tunisie,,BIO
,variation,253,Poudre Compacte Claire Bio,1,0,visible,,,taxable,parent,,8,5,0,0,,0,,46.7,,,,VAR9,,1,Teinte ,Claire,,1,,,,,,,
,variation,254,Poudre Compacte Nude Bio,1,0,visible,,,taxable,parent,,0,5,0,0,,0,,46.7,,,,VAR9,,2,Teinte ,Nude,,1,,,,,,,
,variable,VAR10,Blush BIO,1,0,visible,Short Description,Main Description,taxable,,0,0,5,0,0,,1,,,Cosmétique-teint,,Image Link or Product ID,,,0,Référence  ,"Rose éclat,Terre cuite,Pêche rosé ",1,1,,,type 1,100% BIO,Fabriqué en Tunisie,,BIO
,variation,255,Blush Rose Eclat Bio,1,0,visible,,,taxable,parent,,15,5,0,0,,0,,35.09,,,,VAR10,,1,Référence  ,Rose éclat,,1,,,,,,,
,variation,256,Blush Terre Cuite Bio,1,0,visible,,,taxable,parent,,2,5,0,0,,0,,35.09,,,,VAR10,,2,Référence  ,Terre cuite,,1,,,,,,,
,variation,257,Blush Pêche Rosé Bio ,1,0,visible,,,taxable,parent,,0,5,0,0,,0,,35.09,,,,VAR10,,3,Référence  ,Pêche rosé ,,1,,,,,,,
,variable,VAR11,Highlighter BIO ,1,0,visible,Short Description,Main Description,taxable,,0,0,5,0,0,,1,,,Cosmétique-teint,,Image Link or Product ID,,,0,Référence  ,"Quartz rose ,Champagne ,Or cuivré ",1,1,,,type 1,100% BIO,Fabriqué en Tunisie,,BIO
,variation,258,Highlighter Quartz Rose Certifié bio,1,0,visible,,,taxable,parent,,10,5,0,0,,0,,44.6,,,,VAR11,,1,Référence  ,Quartz rose ,,1,,,,,,,
,variation,259,Highlighter Champagne Certifié bio,1,0,visible,,,taxable,parent,,9,5,0,0,,0,,44.6,,,,VAR11,,2,Référence  ,Champagne ,,1,,,,,,,
,variation,260,Highlighter Or Cuivré Certifié bio,1,0,visible,,,taxable,parent,,13,5,0,0,,0,,44.6,,,,VAR11,,3,Référence  ,Or cuivré ,,1,,,,,,,
,variable,VAR12,Bombe de bain ,1,0,visible,Short Description,Main Description,taxable,,0,0,5,0,0,,1,,,Cosmétique,,Image Link or Product ID,,,0,senteur ,"Framboise,Lavande,Fraise,Menthe ",1,1,,,,,Fabriqué en Tunisie,,
,variation,297,Bombe de Bain Framboise,1,0,visible,,,taxable,parent,,5,5,0,0,,0,,5,,,,VAR12,,1,senteur ,Framboise,,1,,,,,,,
,variation,299,Bombe de Bain Lavande,1,0,visible,,,taxable,parent,,3,5,0,0,,0,,5,,,,VAR12,,2,senteur ,Lavande,,1,,,,,,,
,variation,300,Bombe de Bain Fraise,1,0,visible,,,taxable,parent,,1,5,0,0,,0,,5,,,,VAR12,,3,senteur ,Fraise,,1,,,,,,,
,variation,379,Bombe de Bain Menthe,1,0,visible,,,taxable,parent,,6,5,0,0,,0,,5,,,,VAR12,,4,senteur ,Menthe ,,1,,,,,,,
,variable,VAR13,Crayon sourcils BIO ,1,0,visible,Short Description,Main Description,taxable,,0,0,5,0,0,,1,,,Cosmétique-yeux ,,Image Link or Product ID,,,0,Couleur,"Ultra brun ,Châtain clair ,Brun ",1,1,,,type 1,100% BIO,Fabriqué en Tunisie,,BIO
,variation,332,Crayon Sourcils Ultra Brun Bio,1,0,visible,,,taxable,parent,,10,5,0,0,,0,,28,,,,VAR13,,1,Couleur,Ultra brun ,,1,,,,,,,
,variation,334,Crayon Sourcils Châtain Clair Bio,1,0,visible,,,taxable,parent,,7,5,0,0,,0,,28,,,,VAR13,,2,Couleur,Châtain clair ,,1,,,,,,,
,variation,339,Crayon Sourcils Brun Bio,1,0,visible,,,taxable,parent,,9,5,0,0,,0,,27.9,,,,VAR13,,3,Couleur,Brun ,,1,,,,,,,
,variable,VAR14,Crayon contour des lèvres BIO ,1,0,visible,Short Description,Main Description,taxable,,0,0,5,0,0,,1,,,Cosmétique-lèvres,,Image Link or Product ID,,,0,Couleur,"Vieux rose,Nude,Rouge franc ",1,1,,,type 1,100% BIO,Fabriqué en Tunisie,,BIO
,variation,345,Crayon Contour Lèvres Vieux Rose,1,0,visible,,,taxable,parent,,7,5,0,0,,0,,23,,,,VAR14,,1,Couleur,Vieux rose,,1,,,,,,,
,variation,347,Crayon Contour des Lèvres - Nude,1,0,visible,,,taxable,parent,,3,5,0,0,,0,,23,,,,VAR14,,2,Couleur,Nude,,1,,,,,,,
,variation,348,Crayon Contour des Lèvres - Rouge Franc,1,0,visible,,,taxable,parent,,3,5,0,0,,0,,23,,,,VAR14,,3,Couleur,Rouge franc ,,1,,,,,,,
,variable,VAR15,Crayon rouge à lèvres BIO,1,0,visible,Short Description,Main Description,taxable,,0,0,5,0,0,,0,,,Cosmétique-lèvres,,,,,0,Couleur,"Sable rosé ,Violine ,Corail,Châtaigne ,Rose bonbon ,Bois de rose ",,1,,,type 1,100% BIO,Fabriqué en Tunisie,,BIO
,variation,349,Crayon Rouge à Lèvres Sable Rosé,1,0,visible,,,taxable,parent,,4,5,0,0,,0,,30,,,,VAR15,,1,Couleur,Sable rosé ,,1,,,,,,,
,variation,350,Crayon Rouge à Lèvres Violine,1,0,visible,,,taxable,parent,,4,5,0,0,,0,,30,,,,VAR15,,2,Couleur,Violine ,,1,,,,,,,
,variation,351,Crayon Rouge à Lèvres Corail,1,0,visible,,,taxable,parent,,3,5,0,0,,0,,30,,,,VAR15,,3,Couleur,Corail,,1,,,,,,,
,variation,352,Crayon Rouge à Lèvres Châtaigne,1,0,visible,,,taxable,parent,,0,5,0,0,,0,,30,,,,VAR15,,4,Couleur,Châtaigne ,,1,,,,,,,
,variation,353,Crayon Rouge à Lèvres Rose Bonbon,1,0,visible,,,taxable,parent,,9,5,0,0,,0,,30,,,,VAR15,,5,Couleur,Rose bonbon ,,1,,,,,,,
,variation,355,Crayon Rouge à Lèvres Bois de Rose,1,0,visible,,,taxable,parent,,11,5,0,0,,0,,30,,,,VAR15,,6,Couleur,Bois de rose ,,1,,,,,,,
,variable,VAR16,Barre Daty ,1,0,visible,Short Description,Main Description,taxable,,0,0,5,0,0,,1,,,Snacks,,Image Link or Product ID,,,0,Saveur,"Dattes, amandes, noix de cajou, Poudre de cacao,ananas",1,1,,,,,Fabriqué en Tunisie,,
,variation,360,"Barre Daty dattes, noix de cajou, amandes, banane",1,0,visible,,,taxable,parent,,18,5,0,0,,0,,3.5,,,,VAR16,,1,Saveur,"Dattes, noix de cajou, amandes, banane  ",,1,,,,,,,
,variation,361,"Barre Daty dattes, noix de cajou, amandes",1,0,visible,,,taxable,parent,,20,5,0,0,,0,,3.5,,,,VAR16,,2,Saveur,"Dattes, noix de cajou, amandes  ",,1,,,,,,,
,variation,362,"Barre Daty dattes, amandes, noix de cajou, poudre de cacao, noix de coco",1,0,visible,,,taxable,parent,,23,5,0,0,,0,,3.5,,,,VAR16,,3,Saveur,"Dattes, noix de cajou, amandes, noix de cajou. Poudre de cacao   ",,1,,,,,,,
,variation,636,"Barre Daty dattes, noix de cajou, ananas, banane",1,0,visible,,,taxable,parent,,28,5,0,0,,0,,3.5,,,,VAR16,,4,Saveur ,"Dattes, noix de cajou, ananas, banane ",,1,,,,,,,
,variable,VAR17,Liniment oléo-calcaire,1,0,visible,Short Description,Main Description,taxable,,0,0,5,0,0,,1,,,Enfants,,Image Link or Product ID,,,0,Contenance,"500 ml,200 ml",1,1,,,,,Fabriqué en Tunisie,,
,variation,441,Liniment Oléo-Calcaire 500 ML,1,0,visible,,,taxable,parent,,2,5,0,0,,0,,26,,,,VAR17,,1,Contenance,500 ml,,1,,,,,,,
,variation,442,Liniment oléo-calcaire 200 ML,1,0,visible,,,taxable,parent,,2,5,0,0,,0,,15,,,,VAR17,,2,Contenance,200 ml,,1,,,,,,,
,variable,VAR18,Déodorant crème ,1,0,visible,Short Description,Main Description,taxable,,0,0,5,0,0,,1,,,,,Image Link or Product ID,,,0,senteur ,"L'huile essentielle de verveine ,l'huile essentielle de lavandin ,l'huile essentielle de romarin et menthe ,l'huile essentielle de géranium ,Peaux sensibles, odeur neutre ,Peaux sensibles, à la verveine ",1,1,,,,,Fabriqué en Tunisie,,
,variation,520,Déodorant crème à l'huile essentielle de verveine,1,0,visible,,,taxable,parent,,,5,0,0,,0,,16,,,,VAR18,,1,senteur ,L'huile essentielle de verveine ,,1,,,,,,,
,variation,522,Déodorant crème à l'huile essentielle de lavandin,1,0,visible,,,taxable,parent,,,5,0,0,,0,,16,,,,VAR18,,2,senteur ,l'huile essentielle de lavandin ,,1,,,,,,,
,variation,525,Déodorant crème à l'huile essentielle de romarin et menthe,1,0,visible,,,taxable,parent,,,5,0,0,,0,,16,,,,VAR18,,3,senteur ,l'huile essentielle de romarin et menthe ,,1,,,,,,,
,variation,527,Déodorant crème à l'huile essentielle de géranium,1,0,visible,,,taxable,parent,,,5,0,0,,0,,16,,,,VAR18,,4,senteur ,l'huile essentielle de géranium ,,1,,,,,,,
,variation,532,Déodorant crème peaux sensibles,1,0,visible,,,taxable,parent,,,5,0,0,,0,,18,,,,VAR18,,5,senteur ,"Peaux sensibles, odeur neutre ",,1,,,,,,,
,variation,534,Déodorant crème peaux sensibles verveine,1,0,visible,,,taxable,parent,,,5,0,0,,0,,18,,,,VAR18,,6,senteur ,"Peaux sensibles, à la verveine ",,1,,,,,,,
,variable,VAR19,Huile de massage ,1,0,visible,Short Description,Main Description,taxable,,0,0,5,0,0,,1,,,,,Image Link or Product ID,,,0,Fonctionnalité ,"relaxante à la lavande ,Bien-être à la bergamote,Drainante au pamplemousse et romarin ",1,1,,,,,Fabriqué en Tunisie,,
,variation,541,Huile de massage relaxante à la lavande,1,0,visible,,,taxable,parent,,,5,0,0,,0,,23,,,,VAR19,,1,Fonctionnalité ,relaxante à la lavande ,,1,,,,,,,
,variation,543,Huile de massage bien-être à la bergamote,1,0,visible,,,taxable,parent,,,5,0,0,,0,,29,,,,VAR19,,2,Fonctionnalité ,Bien-être à la bergamote,,1,,,,,,,
,variation,545,Huile de massage drainante au pamplemousse et Romarin,1,0,visible,,,taxable,parent,,,5,0,0,,0,,23,,,,VAR19,,3,Fonctionnalité ,Drainante au pamplemousse et romarin ,,1,,,,,,,
,variable,VAR20,Crème pour les mains ,1,0,visible,Short Description,Main Description,taxable,,0,0,5,0,0,,1,,,,,Image Link or Product ID,,,0,Référence  ,"Nostalgie,Envie d'énergie,Exotique,Libre et nature",1,1,,,,,Fabriqué en Tunisie,,
,variation,556,Crème pour les mains Nostalgie,1,0,visible,,,taxable,parent,,,5,0,0,,0,,13,,,,VAR20,,1,Référence  ,Nostalgie,,1,,,,,,,
,variation,557,Crème pour les mains Envie d'énergie,1,0,visible,,,taxable,parent,,,5,0,0,,0,,13,,,,VAR20,,2,Référence  ,Envie d'énergie,,1,,,,,,,
,variation,558,Crème pour les mains Exotique,1,0,visible,,,taxable,parent,,,5,0,0,,0,,13,,,,VAR20,,3,Référence  ,Exotique,,1,,,,,,,
,variation,559,Crème pour les mains Libre et nature,1,0,visible,,,taxable,parent,,,5,0,0,,0,,13,,,,VAR20,,4,Référence  ,Libre et nature,,1,,,,,,,
,variable,VAR21,Holi,1,0,visible,Short Description,Main Description,taxable,,0,0,5,0,0,,1,,,corps,,Image Link or Product ID,,,0,Fonctionnalité ,"Muscle froissé,Récupération ,Sciatique,Douleurs articulaires",1,1,,,,,Fabriqué en Tunisie,,
,variation,569,Holi-Muscle froissé,1,0,visible,,,taxable,parent,,2,5,0,0,,0,,25,,,,VAR21,,1,Fonctionnalité ,Muscle froissé,,1,,,,,,,
,variation,571,Holi-Récupération,1,0,visible,,,taxable,parent,,2,5,0,0,,0,,25,,,,VAR21,,2,Fonctionnalité ,Récupération ,,1,,,,,,,
,variation,572,Holi-Sciatique,1,0,visible,,,taxable,parent,,2,5,0,0,,0,,25,,,,VAR21,,3,Fonctionnalité ,Sciatique,,1,,,,,,,
,variation,573,Holi- Douleurs articulaires,1,0,visible,,,taxable,parent,,1,5,0,0,,0,,25,,,,VAR21,,4,Fonctionnalité ,Douleurs articulaires,,1,,,,,,,
,variable,VAR22,Huile capillaire ,1,0,visible,Short Description,Main Description,taxable,,0,0,5,0,0,,1,,,cheveux,,Image Link or Product ID,,,0,Fonctionnalité ,"anti pelliculaire ,fortifiante anti chute ",1,1,,,,,Fabriqué en Tunisie,,
,variation,620,Huile capillaire anti pelliculaire,1,0,visible,,,taxable,parent,,2,5,0,0,,0,,35,,,,VAR22,,1,Fonctionnalité ,anti pelliculaire ,,1,,,,,,,
,variation,621,Huile capillaire fortifiante anti chute,1,0,visible,,,taxable,parent,,4,5,0,0,,0,,35,,,,VAR22,,2,Fonctionnalité ,fortifiante anti chute ,,1,,,,,,,
,variable,VAR23,Crayon yeux BIO,1,0,visible,Short Description,Main Description,taxable,,0,0,5,0,0,,1,,,cosmétique-yeux,,Image Link or Product ID,,,0,Couleur,"Prune, Blanc lunaire, Figue, Vert camouflage, Noir charbon, Gris ardoise, Bleu nuit, Terre brûlée, Bronze cuivré",1,1,,,type 1,100% BIO,Fabriqué en Tunisie,,BIO
,variation,327,Crayon Yeux Prune Bio,1,0,visible,,,taxable,parent,,7,5,0,0,,0,,25.9,,,,VAR23,,1,Couleur,Prune ,,1,,,,,,,
,variation,329,Crayon Yeux Blanc Lunaire Bio,1,0,visible,,,taxable,parent,,2,5,0,0,,0,,25.9,,,,VAR23,,2,Couleur,Blanc lunaire ,,1,,,,,,,
,variation,330,Crayon Yeux Figue Bio,1,0,visible,,,taxable,parent,,6,5,0,0,,0,,25.9,,,,VAR23,,3,Couleur,Figue ,,1,,,,,,,
,variation,331,Crayon Yeux Vert Camouflage Bio,1,0,visible,,,taxable,parent,,3,5,0,0,,0,,25.9,,,,VAR23,,4,Couleur,Vert camouflage ,,1,,,,,,,
,variation,333,Crayon Yeux Noir Charbon,1,0,visible,,,taxable,parent,,8,5,0,0,,0,,25.9,,,,VAR23,,5,Couleur,Noir charbon,,1,,,,,,,
,variation,337,Crayon Yeux Gris Ardoise Bio,1,0,visible,,,taxable,parent,,5,5,0,0,,0,,25.9,,,,VAR23,,6,Couleur,Gris ardoise,,1,,,,,,,
,variation,338,Crayon Yeux Bleu Nuit Bio,1,0,visible,,,taxable,parent,,0,5,0,0,,0,,25.9,,,,VAR23,,7,Couleur,Bleu nuit ,,1,,,,,,,
,variation,340,Crayon Yeux Terre Brûlée Bio,1,0,visible,,,taxable,parent,,8,5,0,0,,0,,25.9,,,,VAR23,,8,Couleur,Terre brûlée ,,1,,,,,,,
,variation,344,Crayon Yeux Bronze Cuivré,1,0,visible,,,taxable,parent,,7,5,0,0,,0,,25.9,,,,VAR23,,9,Couleur,Bronze cuivré ,,1,,,,,,,
,variable,VAR24,Fard à paupières,1,0,visible,Short Description,Main Description,taxable,,0,0,5,0,0,,1,,,cosmétique-yeux,,Image Link or Product ID,,,0,Couleur,"Or vénitien, Prune irisé",1,1,,,,,Fabriqué en Tunisie,,
,variation,335,Fard à Paupières Or Vénitien,1,0,visible,,,taxable,parent,,2,5,0,0,,0,,28,,,,VAR24,,1,Couleur,Or vénitien,,1,,,,,,,
,variation,336,Fard à paupières Prune Irisé,1,0,visible,,,taxable,parent,,0,5,0,0,,0,,28,,,,VAR24,,2,Couleur,Prune irisé,,1,,,,,,,